PRAGMA foreign_keys=OFF;
BEGIN TRANSACTION;
CREATE TABLE `strapi_migrations` (`id` integer not null primary key autoincrement, `name` varchar(255), `time` datetime);
CREATE TABLE `strapi_database_schema` (`id` integer not null primary key autoincrement, `schema` json, `time` datetime, `hash` varchar(255));
INSERT INTO strapi_database_schema VALUES(8,'{"tables":[{"name":"strapi_core_store_settings","indexes":[],"foreignKeys":[],"columns":[{"name":"id","type":"increments","args":[{"primary":true,"primaryKey":true}],"defaultTo":null,"notNullable":true,"unsigned":false},{"name":"key","type":"string","args":[],"defaultTo":null,"notNullable":false,"unsigned":false},{"name":"value","type":"text","args":["longtext"],"defaultTo":null,"notNullable":false,"unsigned":false},{"name":"type","type":"string","args":[],"defaultTo":null,"notNullable":false,"unsigned":false},{"name":"environment","type":"string","args":[],"defaultTo":null,"notNullable":false,"unsigned":false},{"name":"tag","type":"string","args":[],"defaultTo":null,"notNullable":false,"unsigned":false}]},{"name":"strapi_webhooks","indexes":[],"foreignKeys":[],"columns":[{"name":"id","type":"increments","args":[{"primary":true,"primaryKey":true}],"defaultTo":null,"notNullable":true,"unsigned":false},{"name":"name","type":"string","args":[],"defaultTo":null,"notNullable":false,"unsigned":false},{"name":"url","type":"text","args":["longtext"],"defaultTo":null,"notNullable":false,"unsigned":false},{"name":"headers","type":"jsonb","args":[],"defaultTo":null,"notNullable":false,"unsigned":false},{"name":"events","type":"jsonb","args":[],"defaultTo":null,"notNullable":false,"unsigned":false},{"name":"enabled","type":"boolean","args":[],"defaultTo":null,"notNullable":false,"unsigned":false}]},{"name":"admin_permissions","indexes":[{"name":"admin_permissions_created_by_id_fk","columns":["created_by_id"]},{"name":"admin_permissions_updated_by_id_fk","columns":["updated_by_id"]}],"foreignKeys":[{"name":"admin_permissions_created_by_id_fk","columns":["created_by_id"],"referencedTable":"admin_users","referencedColumns":["id"],"onDelete":"SET NULL"},{"name":"admin_permissions_updated_by_id_fk","columns":["updated_by_id"],"referencedTable":"admin_users","referencedColumns":["id"],"onDelete":"SET NULL"}],"columns":[{"name":"id","type":"increments","args":[{"primary":true,"primaryKey":true}],"defaultTo":null,"notNullable":true,"unsigned":false},{"name":"action","type":"string","args":[],"defaultTo":null,"notNullable":false,"unsigned":false},{"name":"subject","type":"string","args":[],"defaultTo":null,"notNullable":false,"unsigned":false},{"name":"properties","type":"jsonb","args":[],"defaultTo":null,"notNullable":false,"unsigned":false},{"name":"conditions","type":"jsonb","args":[],"defaultTo":null,"notNullable":false,"unsigned":false},{"name":"created_at","type":"datetime","args":[{"useTz":false,"precision":6}],"defaultTo":null,"notNullable":false,"unsigned":false},{"name":"updated_at","type":"datetime","args":[{"useTz":false,"precision":6}],"defaultTo":null,"notNullable":false,"unsigned":false},{"name":"created_by_id","type":"integer","args":[],"defaultTo":null,"notNullable":false,"unsigned":true},{"name":"updated_by_id","type":"integer","args":[],"defaultTo":null,"notNullable":false,"unsigned":true}]},{"name":"admin_users","indexes":[{"name":"admin_users_created_by_id_fk","columns":["created_by_id"]},{"name":"admin_users_updated_by_id_fk","columns":["updated_by_id"]}],"foreignKeys":[{"name":"admin_users_created_by_id_fk","columns":["created_by_id"],"referencedTable":"admin_users","referencedColumns":["id"],"onDelete":"SET NULL"},{"name":"admin_users_updated_by_id_fk","columns":["updated_by_id"],"referencedTable":"admin_users","referencedColumns":["id"],"onDelete":"SET NULL"}],"columns":[{"name":"id","type":"increments","args":[{"primary":true,"primaryKey":true}],"defaultTo":null,"notNullable":true,"unsigned":false},{"name":"firstname","type":"string","args":[],"defaultTo":null,"notNullable":false,"unsigned":false},{"name":"lastname","type":"string","args":[],"defaultTo":null,"notNullable":false,"unsigned":false},{"name":"username","type":"string","args":[],"defaultTo":null,"notNullable":false,"unsigned":false},{"name":"email","type":"string","args":[],"defaultTo":null,"notNullable":false,"unsigned":false},{"name":"password","type":"string","args":[],"defaultTo":null,"notNullable":false,"unsigned":false},{"name":"reset_password_token","type":"string","args":[],"defaultTo":null,"notNullable":false,"unsigned":false},{"name":"registration_token","type":"string","args":[],"defaultTo":null,"notNullable":false,"unsigned":false},{"name":"is_active","type":"boolean","args":[],"defaultTo":null,"notNullable":false,"unsigned":false},{"name":"blocked","type":"boolean","args":[],"defaultTo":null,"notNullable":false,"unsigned":false},{"name":"prefered_language","type":"string","args":[],"defaultTo":null,"notNullable":false,"unsigned":false},{"name":"created_at","type":"datetime","args":[{"useTz":false,"precision":6}],"defaultTo":null,"notNullable":false,"unsigned":false},{"name":"updated_at","type":"datetime","args":[{"useTz":false,"precision":6}],"defaultTo":null,"notNullable":false,"unsigned":false},{"name":"created_by_id","type":"integer","args":[],"defaultTo":null,"notNullable":false,"unsigned":true},{"name":"updated_by_id","type":"integer","args":[],"defaultTo":null,"notNullable":false,"unsigned":true}]},{"name":"admin_roles","indexes":[{"name":"admin_roles_created_by_id_fk","columns":["created_by_id"]},{"name":"admin_roles_updated_by_id_fk","columns":["updated_by_id"]}],"foreignKeys":[{"name":"admin_roles_created_by_id_fk","columns":["created_by_id"],"referencedTable":"admin_users","referencedColumns":["id"],"onDelete":"SET NULL"},{"name":"admin_roles_updated_by_id_fk","columns":["updated_by_id"],"referencedTable":"admin_users","referencedColumns":["id"],"onDelete":"SET NULL"}],"columns":[{"name":"id","type":"increments","args":[{"primary":true,"primaryKey":true}],"defaultTo":null,"notNullable":true,"unsigned":false},{"name":"name","type":"string","args":[],"defaultTo":null,"notNullable":false,"unsigned":false},{"name":"code","type":"string","args":[],"defaultTo":null,"notNullable":false,"unsigned":false},{"name":"description","type":"string","args":[],"defaultTo":null,"notNullable":false,"unsigned":false},{"name":"created_at","type":"datetime","args":[{"useTz":false,"precision":6}],"defaultTo":null,"notNullable":false,"unsigned":false},{"name":"updated_at","type":"datetime","args":[{"useTz":false,"precision":6}],"defaultTo":null,"notNullable":false,"unsigned":false},{"name":"created_by_id","type":"integer","args":[],"defaultTo":null,"notNullable":false,"unsigned":true},{"name":"updated_by_id","type":"integer","args":[],"defaultTo":null,"notNullable":false,"unsigned":true}]},{"name":"strapi_api_tokens","indexes":[{"name":"strapi_api_tokens_created_by_id_fk","columns":["created_by_id"]},{"name":"strapi_api_tokens_updated_by_id_fk","columns":["updated_by_id"]}],"foreignKeys":[{"name":"strapi_api_tokens_created_by_id_fk","columns":["created_by_id"],"referencedTable":"admin_users","referencedColumns":["id"],"onDelete":"SET NULL"},{"name":"strapi_api_tokens_updated_by_id_fk","columns":["updated_by_id"],"referencedTable":"admin_users","referencedColumns":["id"],"onDelete":"SET NULL"}],"columns":[{"name":"id","type":"increments","args":[{"primary":true,"primaryKey":true}],"defaultTo":null,"notNullable":true,"unsigned":false},{"name":"name","type":"string","args":[],"defaultTo":null,"notNullable":false,"unsigned":false},{"name":"description","type":"string","args":[],"defaultTo":null,"notNullable":false,"unsigned":false},{"name":"type","type":"string","args":[],"defaultTo":null,"notNullable":false,"unsigned":false},{"name":"access_key","type":"string","args":[],"defaultTo":null,"notNullable":false,"unsigned":false},{"name":"created_at","type":"datetime","args":[{"useTz":false,"precision":6}],"defaultTo":null,"notNullable":false,"unsigned":false},{"name":"updated_at","type":"datetime","args":[{"useTz":false,"precision":6}],"defaultTo":null,"notNullable":false,"unsigned":false},{"name":"created_by_id","type":"integer","args":[],"defaultTo":null,"notNullable":false,"unsigned":true},{"name":"updated_by_id","type":"integer","args":[],"defaultTo":null,"notNullable":false,"unsigned":true}]},{"name":"files","indexes":[{"name":"files_created_by_id_fk","columns":["created_by_id"]},{"name":"files_updated_by_id_fk","columns":["updated_by_id"]}],"foreignKeys":[{"name":"files_created_by_id_fk","columns":["created_by_id"],"referencedTable":"admin_users","referencedColumns":["id"],"onDelete":"SET NULL"},{"name":"files_updated_by_id_fk","columns":["updated_by_id"],"referencedTable":"admin_users","referencedColumns":["id"],"onDelete":"SET NULL"}],"columns":[{"name":"id","type":"increments","args":[{"primary":true,"primaryKey":true}],"defaultTo":null,"notNullable":true,"unsigned":false},{"name":"name","type":"string","args":[],"defaultTo":null,"notNullable":false,"unsigned":false},{"name":"alternative_text","type":"string","args":[],"defaultTo":null,"notNullable":false,"unsigned":false},{"name":"caption","type":"string","args":[],"defaultTo":null,"notNullable":false,"unsigned":false},{"name":"width","type":"integer","args":[],"defaultTo":null,"notNullable":false,"unsigned":false},{"name":"height","type":"integer","args":[],"defaultTo":null,"notNullable":false,"unsigned":false},{"name":"formats","type":"jsonb","args":[],"defaultTo":null,"notNullable":false,"unsigned":false},{"name":"hash","type":"string","args":[],"defaultTo":null,"notNullable":false,"unsigned":false},{"name":"ext","type":"string","args":[],"defaultTo":null,"notNullable":false,"unsigned":false},{"name":"mime","type":"string","args":[],"defaultTo":null,"notNullable":false,"unsigned":false},{"name":"size","type":"decimal","args":[10,2],"defaultTo":null,"notNullable":false,"unsigned":false},{"name":"url","type":"string","args":[],"defaultTo":null,"notNullable":false,"unsigned":false},{"name":"preview_url","type":"string","args":[],"defaultTo":null,"notNullable":false,"unsigned":false},{"name":"provider","type":"string","args":[],"defaultTo":null,"notNullable":false,"unsigned":false},{"name":"provider_metadata","type":"jsonb","args":[],"defaultTo":null,"notNullable":false,"unsigned":false},{"name":"created_at","type":"datetime","args":[{"useTz":false,"precision":6}],"defaultTo":null,"notNullable":false,"unsigned":false},{"name":"updated_at","type":"datetime","args":[{"useTz":false,"precision":6}],"defaultTo":null,"notNullable":false,"unsigned":false},{"name":"created_by_id","type":"integer","args":[],"defaultTo":null,"notNullable":false,"unsigned":true},{"name":"updated_by_id","type":"integer","args":[],"defaultTo":null,"notNullable":false,"unsigned":true}]},{"name":"up_permissions","indexes":[{"name":"up_permissions_created_by_id_fk","columns":["created_by_id"]},{"name":"up_permissions_updated_by_id_fk","columns":["updated_by_id"]}],"foreignKeys":[{"name":"up_permissions_created_by_id_fk","columns":["created_by_id"],"referencedTable":"admin_users","referencedColumns":["id"],"onDelete":"SET NULL"},{"name":"up_permissions_updated_by_id_fk","columns":["updated_by_id"],"referencedTable":"admin_users","referencedColumns":["id"],"onDelete":"SET NULL"}],"columns":[{"name":"id","type":"increments","args":[{"primary":true,"primaryKey":true}],"defaultTo":null,"notNullable":true,"unsigned":false},{"name":"action","type":"string","args":[],"defaultTo":null,"notNullable":false,"unsigned":false},{"name":"created_at","type":"datetime","args":[{"useTz":false,"precision":6}],"defaultTo":null,"notNullable":false,"unsigned":false},{"name":"updated_at","type":"datetime","args":[{"useTz":false,"precision":6}],"defaultTo":null,"notNullable":false,"unsigned":false},{"name":"created_by_id","type":"integer","args":[],"defaultTo":null,"notNullable":false,"unsigned":true},{"name":"updated_by_id","type":"integer","args":[],"defaultTo":null,"notNullable":false,"unsigned":true}]},{"name":"up_roles","indexes":[{"name":"up_roles_created_by_id_fk","columns":["created_by_id"]},{"name":"up_roles_updated_by_id_fk","columns":["updated_by_id"]}],"foreignKeys":[{"name":"up_roles_created_by_id_fk","columns":["created_by_id"],"referencedTable":"admin_users","referencedColumns":["id"],"onDelete":"SET NULL"},{"name":"up_roles_updated_by_id_fk","columns":["updated_by_id"],"referencedTable":"admin_users","referencedColumns":["id"],"onDelete":"SET NULL"}],"columns":[{"name":"id","type":"increments","args":[{"primary":true,"primaryKey":true}],"defaultTo":null,"notNullable":true,"unsigned":false},{"name":"name","type":"string","args":[],"defaultTo":null,"notNullable":false,"unsigned":false},{"name":"description","type":"string","args":[],"defaultTo":null,"notNullable":false,"unsigned":false},{"name":"type","type":"string","args":[],"defaultTo":null,"notNullable":false,"unsigned":false},{"name":"created_at","type":"datetime","args":[{"useTz":false,"precision":6}],"defaultTo":null,"notNullable":false,"unsigned":false},{"name":"updated_at","type":"datetime","args":[{"useTz":false,"precision":6}],"defaultTo":null,"notNullable":false,"unsigned":false},{"name":"created_by_id","type":"integer","args":[],"defaultTo":null,"notNullable":false,"unsigned":true},{"name":"updated_by_id","type":"integer","args":[],"defaultTo":null,"notNullable":false,"unsigned":true}]},{"name":"up_users","indexes":[{"name":"up_users_created_by_id_fk","columns":["created_by_id"]},{"name":"up_users_updated_by_id_fk","columns":["updated_by_id"]}],"foreignKeys":[{"name":"up_users_created_by_id_fk","columns":["created_by_id"],"referencedTable":"admin_users","referencedColumns":["id"],"onDelete":"SET NULL"},{"name":"up_users_updated_by_id_fk","columns":["updated_by_id"],"referencedTable":"admin_users","referencedColumns":["id"],"onDelete":"SET NULL"}],"columns":[{"name":"id","type":"increments","args":[{"primary":true,"primaryKey":true}],"defaultTo":null,"notNullable":true,"unsigned":false},{"name":"username","type":"string","args":[],"defaultTo":null,"notNullable":false,"unsigned":false},{"name":"email","type":"string","args":[],"defaultTo":null,"notNullable":false,"unsigned":false},{"name":"provider","type":"string","args":[],"defaultTo":null,"notNullable":false,"unsigned":false},{"name":"password","type":"string","args":[],"defaultTo":null,"notNullable":false,"unsigned":false},{"name":"reset_password_token","type":"string","args":[],"defaultTo":null,"notNullable":false,"unsigned":false},{"name":"confirmation_token","type":"string","args":[],"defaultTo":null,"notNullable":false,"unsigned":false},{"name":"confirmed","type":"boolean","args":[],"defaultTo":null,"notNullable":false,"unsigned":false},{"name":"blocked","type":"boolean","args":[],"defaultTo":null,"notNullable":false,"unsigned":false},{"name":"created_at","type":"datetime","args":[{"useTz":false,"precision":6}],"defaultTo":null,"notNullable":false,"unsigned":false},{"name":"updated_at","type":"datetime","args":[{"useTz":false,"precision":6}],"defaultTo":null,"notNullable":false,"unsigned":false},{"name":"created_by_id","type":"integer","args":[],"defaultTo":null,"notNullable":false,"unsigned":true},{"name":"updated_by_id","type":"integer","args":[],"defaultTo":null,"notNullable":false,"unsigned":true}]},{"name":"i18n_locale","indexes":[{"name":"i18n_locale_created_by_id_fk","columns":["created_by_id"]},{"name":"i18n_locale_updated_by_id_fk","columns":["updated_by_id"]}],"foreignKeys":[{"name":"i18n_locale_created_by_id_fk","columns":["created_by_id"],"referencedTable":"admin_users","referencedColumns":["id"],"onDelete":"SET NULL"},{"name":"i18n_locale_updated_by_id_fk","columns":["updated_by_id"],"referencedTable":"admin_users","referencedColumns":["id"],"onDelete":"SET NULL"}],"columns":[{"name":"id","type":"increments","args":[{"primary":true,"primaryKey":true}],"defaultTo":null,"notNullable":true,"unsigned":false},{"name":"name","type":"string","args":[],"defaultTo":null,"notNullable":false,"unsigned":false},{"name":"code","type":"string","args":[],"defaultTo":null,"notNullable":false,"unsigned":false},{"name":"created_at","type":"datetime","args":[{"useTz":false,"precision":6}],"defaultTo":null,"notNullable":false,"unsigned":false},{"name":"updated_at","type":"datetime","args":[{"useTz":false,"precision":6}],"defaultTo":null,"notNullable":false,"unsigned":false},{"name":"created_by_id","type":"integer","args":[],"defaultTo":null,"notNullable":false,"unsigned":true},{"name":"updated_by_id","type":"integer","args":[],"defaultTo":null,"notNullable":false,"unsigned":true}]},{"name":"brands","indexes":[{"name":"brands_created_by_id_fk","columns":["created_by_id"]},{"name":"brands_updated_by_id_fk","columns":["updated_by_id"]}],"foreignKeys":[{"name":"brands_created_by_id_fk","columns":["created_by_id"],"referencedTable":"admin_users","referencedColumns":["id"],"onDelete":"SET NULL"},{"name":"brands_updated_by_id_fk","columns":["updated_by_id"],"referencedTable":"admin_users","referencedColumns":["id"],"onDelete":"SET NULL"}],"columns":[{"name":"id","type":"increments","args":[{"primary":true,"primaryKey":true}],"defaultTo":null,"notNullable":true,"unsigned":false},{"name":"name","type":"string","args":[],"defaultTo":null,"notNullable":false,"unsigned":false},{"name":"desc","type":"string","args":[],"defaultTo":null,"notNullable":false,"unsigned":false},{"name":"created_at","type":"datetime","args":[{"useTz":false,"precision":6}],"defaultTo":null,"notNullable":false,"unsigned":false},{"name":"updated_at","type":"datetime","args":[{"useTz":false,"precision":6}],"defaultTo":null,"notNullable":false,"unsigned":false},{"name":"created_by_id","type":"integer","args":[],"defaultTo":null,"notNullable":false,"unsigned":true},{"name":"updated_by_id","type":"integer","args":[],"defaultTo":null,"notNullable":false,"unsigned":true}]},{"name":"cars","indexes":[{"name":"cars_created_by_id_fk","columns":["created_by_id"]},{"name":"cars_updated_by_id_fk","columns":["updated_by_id"]}],"foreignKeys":[{"name":"cars_created_by_id_fk","columns":["created_by_id"],"referencedTable":"admin_users","referencedColumns":["id"],"onDelete":"SET NULL"},{"name":"cars_updated_by_id_fk","columns":["updated_by_id"],"referencedTable":"admin_users","referencedColumns":["id"],"onDelete":"SET NULL"}],"columns":[{"name":"id","type":"increments","args":[{"primary":true,"primaryKey":true}],"defaultTo":null,"notNullable":true,"unsigned":false},{"name":"name","type":"string","args":[],"defaultTo":null,"notNullable":false,"unsigned":false},{"name":"desc","type":"text","args":["longtext"],"defaultTo":null,"notNullable":false,"unsigned":false},{"name":"ctime","type":"bigInteger","args":[],"defaultTo":null,"notNullable":false,"unsigned":false},{"name":"utime","type":"bigInteger","args":[],"defaultTo":null,"notNullable":false,"unsigned":false},{"name":"created_at","type":"datetime","args":[{"useTz":false,"precision":6}],"defaultTo":null,"notNullable":false,"unsigned":false},{"name":"updated_at","type":"datetime","args":[{"useTz":false,"precision":6}],"defaultTo":null,"notNullable":false,"unsigned":false},{"name":"published_at","type":"datetime","args":[{"useTz":false,"precision":6}],"defaultTo":null,"notNullable":false,"unsigned":false},{"name":"created_by_id","type":"integer","args":[],"defaultTo":null,"notNullable":false,"unsigned":true},{"name":"updated_by_id","type":"integer","args":[],"defaultTo":null,"notNullable":false,"unsigned":true}]},{"name":"waybills","indexes":[{"name":"waybills_created_by_id_fk","columns":["created_by_id"]},{"name":"waybills_updated_by_id_fk","columns":["updated_by_id"]}],"foreignKeys":[{"name":"waybills_created_by_id_fk","columns":["created_by_id"],"referencedTable":"admin_users","referencedColumns":["id"],"onDelete":"SET NULL"},{"name":"waybills_updated_by_id_fk","columns":["updated_by_id"],"referencedTable":"admin_users","referencedColumns":["id"],"onDelete":"SET NULL"}],"columns":[{"name":"id","type":"increments","args":[{"primary":true,"primaryKey":true}],"defaultTo":null,"notNullable":true,"unsigned":false},{"name":"name","type":"string","args":[],"defaultTo":null,"notNullable":false,"unsigned":false},{"name":"code","type":"string","args":[],"defaultTo":null,"notNullable":false,"unsigned":false},{"name":"created_at","type":"datetime","args":[{"useTz":false,"precision":6}],"defaultTo":null,"notNullable":false,"unsigned":false},{"name":"updated_at","type":"datetime","args":[{"useTz":false,"precision":6}],"defaultTo":null,"notNullable":false,"unsigned":false},{"name":"created_by_id","type":"integer","args":[],"defaultTo":null,"notNullable":false,"unsigned":true},{"name":"updated_by_id","type":"integer","args":[],"defaultTo":null,"notNullable":false,"unsigned":true}]},{"name":"admin_permissions_role_links","indexes":[{"name":"admin_permissions_role_links_fk","columns":["permission_id"]},{"name":"admin_permissions_role_links_inv_fk","columns":["role_id"]}],"foreignKeys":[{"name":"admin_permissions_role_links_fk","columns":["permission_id"],"referencedColumns":["id"],"referencedTable":"admin_permissions","onDelete":"CASCADE"},{"name":"admin_permissions_role_links_inv_fk","columns":["role_id"],"referencedColumns":["id"],"referencedTable":"admin_roles","onDelete":"CASCADE"}],"columns":[{"name":"permission_id","type":"integer","args":[],"defaultTo":null,"notNullable":false,"unsigned":true},{"name":"role_id","type":"integer","args":[],"defaultTo":null,"notNullable":false,"unsigned":true}]},{"name":"admin_users_roles_links","indexes":[{"name":"admin_users_roles_links_fk","columns":["user_id"]},{"name":"admin_users_roles_links_inv_fk","columns":["role_id"]}],"foreignKeys":[{"name":"admin_users_roles_links_fk","columns":["user_id"],"referencedColumns":["id"],"referencedTable":"admin_users","onDelete":"CASCADE"},{"name":"admin_users_roles_links_inv_fk","columns":["role_id"],"referencedColumns":["id"],"referencedTable":"admin_roles","onDelete":"CASCADE"}],"columns":[{"name":"user_id","type":"integer","args":[],"defaultTo":null,"notNullable":false,"unsigned":true},{"name":"role_id","type":"integer","args":[],"defaultTo":null,"notNullable":false,"unsigned":true}]},{"name":"files_related_morphs","indexes":[{"name":"files_related_morphs_fk","columns":["file_id"]}],"foreignKeys":[{"name":"files_related_morphs_fk","columns":["file_id"],"referencedColumns":["id"],"referencedTable":"files","onDelete":"CASCADE"}],"columns":[{"name":"file_id","type":"integer","args":[],"defaultTo":null,"notNullable":false,"unsigned":true},{"name":"related_id","type":"integer","args":[],"defaultTo":null,"notNullable":false,"unsigned":true},{"name":"related_type","type":"string","args":[],"defaultTo":null,"notNullable":false,"unsigned":false},{"name":"field","type":"string","args":[],"defaultTo":null,"notNullable":false,"unsigned":false},{"name":"order","type":"integer","args":[],"defaultTo":null,"notNullable":false,"unsigned":true}]},{"name":"up_permissions_role_links","indexes":[{"name":"up_permissions_role_links_fk","columns":["permission_id"]},{"name":"up_permissions_role_links_inv_fk","columns":["role_id"]}],"foreignKeys":[{"name":"up_permissions_role_links_fk","columns":["permission_id"],"referencedColumns":["id"],"referencedTable":"up_permissions","onDelete":"CASCADE"},{"name":"up_permissions_role_links_inv_fk","columns":["role_id"],"referencedColumns":["id"],"referencedTable":"up_roles","onDelete":"CASCADE"}],"columns":[{"name":"permission_id","type":"integer","args":[],"defaultTo":null,"notNullable":false,"unsigned":true},{"name":"role_id","type":"integer","args":[],"defaultTo":null,"notNullable":false,"unsigned":true}]},{"name":"up_users_role_links","indexes":[{"name":"up_users_role_links_fk","columns":["user_id"]},{"name":"up_users_role_links_inv_fk","columns":["role_id"]}],"foreignKeys":[{"name":"up_users_role_links_fk","columns":["user_id"],"referencedColumns":["id"],"referencedTable":"up_users","onDelete":"CASCADE"},{"name":"up_users_role_links_inv_fk","columns":["role_id"],"referencedColumns":["id"],"referencedTable":"up_roles","onDelete":"CASCADE"}],"columns":[{"name":"user_id","type":"integer","args":[],"defaultTo":null,"notNullable":false,"unsigned":true},{"name":"role_id","type":"integer","args":[],"defaultTo":null,"notNullable":false,"unsigned":true}]}]}',1657265421508,'de1fd1c907638e1aa7e905feeb6171b5');
CREATE TABLE `strapi_core_store_settings` (`id` integer not null primary key autoincrement, `key` varchar(255) null, `value` text null, `type` varchar(255) null, `environment` varchar(255) null, `tag` varchar(255) null);
INSERT INTO strapi_core_store_settings VALUES(1,'strapi_content_types_schema','{"admin::permission":{"collectionName":"admin_permissions","info":{"name":"Permission","description":"","singularName":"permission","pluralName":"permissions","displayName":"Permission"},"options":{},"pluginOptions":{"content-manager":{"visible":false},"content-type-builder":{"visible":false}},"attributes":{"action":{"type":"string","minLength":1,"configurable":false,"required":true},"subject":{"type":"string","minLength":1,"configurable":false,"required":false},"properties":{"type":"json","configurable":false,"required":false,"default":{}},"conditions":{"type":"json","configurable":false,"required":false,"default":[]},"role":{"configurable":false,"type":"relation","relation":"manyToOne","inversedBy":"permissions","target":"admin::role"},"createdAt":{"type":"datetime"},"updatedAt":{"type":"datetime"},"createdBy":{"type":"relation","relation":"oneToOne","target":"admin::user","configurable":false,"writable":false,"visible":false,"useJoinTable":false,"private":true},"updatedBy":{"type":"relation","relation":"oneToOne","target":"admin::user","configurable":false,"writable":false,"visible":false,"useJoinTable":false,"private":true}},"kind":"collectionType","__schema__":{"collectionName":"admin_permissions","info":{"name":"Permission","description":"","singularName":"permission","pluralName":"permissions","displayName":"Permission"},"options":{},"pluginOptions":{"content-manager":{"visible":false},"content-type-builder":{"visible":false}},"attributes":{"action":{"type":"string","minLength":1,"configurable":false,"required":true},"subject":{"type":"string","minLength":1,"configurable":false,"required":false},"properties":{"type":"json","configurable":false,"required":false,"default":{}},"conditions":{"type":"json","configurable":false,"required":false,"default":[]},"role":{"configurable":false,"type":"relation","relation":"manyToOne","inversedBy":"permissions","target":"admin::role"}},"kind":"collectionType"},"modelType":"contentType","modelName":"permission","connection":"default","uid":"admin::permission","plugin":"admin","globalId":"AdminPermission"},"admin::user":{"collectionName":"admin_users","info":{"name":"User","description":"","singularName":"user","pluralName":"users","displayName":"User"},"pluginOptions":{"content-manager":{"visible":false},"content-type-builder":{"visible":false}},"attributes":{"firstname":{"type":"string","unique":false,"minLength":1,"configurable":false,"required":false},"lastname":{"type":"string","unique":false,"minLength":1,"configurable":false,"required":false},"username":{"type":"string","unique":false,"configurable":false,"required":false},"email":{"type":"email","minLength":6,"configurable":false,"required":true,"unique":true,"private":true},"password":{"type":"password","minLength":6,"configurable":false,"required":false,"private":true},"resetPasswordToken":{"type":"string","configurable":false,"private":true},"registrationToken":{"type":"string","configurable":false,"private":true},"isActive":{"type":"boolean","default":false,"configurable":false,"private":true},"roles":{"configurable":false,"private":true,"type":"relation","relation":"manyToMany","inversedBy":"users","target":"admin::role","collectionName":"strapi_users_roles"},"blocked":{"type":"boolean","default":false,"configurable":false,"private":true},"preferedLanguage":{"type":"string","configurable":false,"required":false},"createdAt":{"type":"datetime"},"updatedAt":{"type":"datetime"},"createdBy":{"type":"relation","relation":"oneToOne","target":"admin::user","configurable":false,"writable":false,"visible":false,"useJoinTable":false,"private":true},"updatedBy":{"type":"relation","relation":"oneToOne","target":"admin::user","configurable":false,"writable":false,"visible":false,"useJoinTable":false,"private":true}},"kind":"collectionType","__schema__":{"collectionName":"admin_users","info":{"name":"User","description":"","singularName":"user","pluralName":"users","displayName":"User"},"pluginOptions":{"content-manager":{"visible":false},"content-type-builder":{"visible":false}},"attributes":{"firstname":{"type":"string","unique":false,"minLength":1,"configurable":false,"required":false},"lastname":{"type":"string","unique":false,"minLength":1,"configurable":false,"required":false},"username":{"type":"string","unique":false,"configurable":false,"required":false},"email":{"type":"email","minLength":6,"configurable":false,"required":true,"unique":true,"private":true},"password":{"type":"password","minLength":6,"configurable":false,"required":false,"private":true},"resetPasswordToken":{"type":"string","configurable":false,"private":true},"registrationToken":{"type":"string","configurable":false,"private":true},"isActive":{"type":"boolean","default":false,"configurable":false,"private":true},"roles":{"configurable":false,"private":true,"type":"relation","relation":"manyToMany","inversedBy":"users","target":"admin::role","collectionName":"strapi_users_roles"},"blocked":{"type":"boolean","default":false,"configurable":false,"private":true},"preferedLanguage":{"type":"string","configurable":false,"required":false}},"kind":"collectionType"},"modelType":"contentType","modelName":"user","connection":"default","uid":"admin::user","plugin":"admin","globalId":"AdminUser"},"admin::role":{"collectionName":"admin_roles","info":{"name":"Role","description":"","singularName":"role","pluralName":"roles","displayName":"Role"},"options":{},"pluginOptions":{"content-manager":{"visible":false},"content-type-builder":{"visible":false}},"attributes":{"name":{"type":"string","minLength":1,"unique":true,"configurable":false,"required":true},"code":{"type":"string","minLength":1,"unique":true,"configurable":false,"required":true},"description":{"type":"string","configurable":false},"users":{"configurable":false,"type":"relation","relation":"manyToMany","mappedBy":"roles","target":"admin::user"},"permissions":{"configurable":false,"type":"relation","relation":"oneToMany","mappedBy":"role","target":"admin::permission"},"createdAt":{"type":"datetime"},"updatedAt":{"type":"datetime"},"createdBy":{"type":"relation","relation":"oneToOne","target":"admin::user","configurable":false,"writable":false,"visible":false,"useJoinTable":false,"private":true},"updatedBy":{"type":"relation","relation":"oneToOne","target":"admin::user","configurable":false,"writable":false,"visible":false,"useJoinTable":false,"private":true}},"kind":"collectionType","__schema__":{"collectionName":"admin_roles","info":{"name":"Role","description":"","singularName":"role","pluralName":"roles","displayName":"Role"},"options":{},"pluginOptions":{"content-manager":{"visible":false},"content-type-builder":{"visible":false}},"attributes":{"name":{"type":"string","minLength":1,"unique":true,"configurable":false,"required":true},"code":{"type":"string","minLength":1,"unique":true,"configurable":false,"required":true},"description":{"type":"string","configurable":false},"users":{"configurable":false,"type":"relation","relation":"manyToMany","mappedBy":"roles","target":"admin::user"},"permissions":{"configurable":false,"type":"relation","relation":"oneToMany","mappedBy":"role","target":"admin::permission"}},"kind":"collectionType"},"modelType":"contentType","modelName":"role","connection":"default","uid":"admin::role","plugin":"admin","globalId":"AdminRole"},"admin::api-token":{"collectionName":"strapi_api_tokens","info":{"name":"Api Token","singularName":"api-token","pluralName":"api-tokens","displayName":"Api Token","description":""},"options":{},"pluginOptions":{"content-manager":{"visible":false},"content-type-builder":{"visible":false}},"attributes":{"name":{"type":"string","minLength":1,"configurable":false,"required":true},"description":{"type":"string","minLength":1,"configurable":false,"required":false,"default":""},"type":{"type":"enumeration","enum":["read-only","full-access"],"configurable":false,"required":false,"default":"read-only"},"accessKey":{"type":"string","minLength":1,"configurable":false,"required":true},"createdAt":{"type":"datetime"},"updatedAt":{"type":"datetime"},"createdBy":{"type":"relation","relation":"oneToOne","target":"admin::user","configurable":false,"writable":false,"visible":false,"useJoinTable":false,"private":true},"updatedBy":{"type":"relation","relation":"oneToOne","target":"admin::user","configurable":false,"writable":false,"visible":false,"useJoinTable":false,"private":true}},"kind":"collectionType","__schema__":{"collectionName":"strapi_api_tokens","info":{"name":"Api Token","singularName":"api-token","pluralName":"api-tokens","displayName":"Api Token","description":""},"options":{},"pluginOptions":{"content-manager":{"visible":false},"content-type-builder":{"visible":false}},"attributes":{"name":{"type":"string","minLength":1,"configurable":false,"required":true},"description":{"type":"string","minLength":1,"configurable":false,"required":false,"default":""},"type":{"type":"enumeration","enum":["read-only","full-access"],"configurable":false,"required":false,"default":"read-only"},"accessKey":{"type":"string","minLength":1,"configurable":false,"required":true}},"kind":"collectionType"},"modelType":"contentType","modelName":"api-token","connection":"default","uid":"admin::api-token","plugin":"admin","globalId":"AdminApiToken"},"plugin::upload.file":{"collectionName":"files","info":{"singularName":"file","pluralName":"files","displayName":"File","description":""},"options":{},"pluginOptions":{"content-manager":{"visible":false},"content-type-builder":{"visible":false}},"attributes":{"name":{"type":"string","configurable":false,"required":true},"alternativeText":{"type":"string","configurable":false},"caption":{"type":"string","configurable":false},"width":{"type":"integer","configurable":false},"height":{"type":"integer","configurable":false},"formats":{"type":"json","configurable":false},"hash":{"type":"string","configurable":false,"required":true},"ext":{"type":"string","configurable":false},"mime":{"type":"string","configurable":false,"required":true},"size":{"type":"decimal","configurable":false,"required":true},"url":{"type":"string","configurable":false,"required":true},"previewUrl":{"type":"string","configurable":false},"provider":{"type":"string","configurable":false,"required":true},"provider_metadata":{"type":"json","configurable":false},"related":{"type":"relation","relation":"morphToMany","configurable":false},"createdAt":{"type":"datetime"},"updatedAt":{"type":"datetime"},"createdBy":{"type":"relation","relation":"oneToOne","target":"admin::user","configurable":false,"writable":false,"visible":false,"useJoinTable":false,"private":true},"updatedBy":{"type":"relation","relation":"oneToOne","target":"admin::user","configurable":false,"writable":false,"visible":false,"useJoinTable":false,"private":true}},"kind":"collectionType","__schema__":{"collectionName":"files","info":{"singularName":"file","pluralName":"files","displayName":"File","description":""},"options":{},"pluginOptions":{"content-manager":{"visible":false},"content-type-builder":{"visible":false}},"attributes":{"name":{"type":"string","configurable":false,"required":true},"alternativeText":{"type":"string","configurable":false},"caption":{"type":"string","configurable":false},"width":{"type":"integer","configurable":false},"height":{"type":"integer","configurable":false},"formats":{"type":"json","configurable":false},"hash":{"type":"string","configurable":false,"required":true},"ext":{"type":"string","configurable":false},"mime":{"type":"string","configurable":false,"required":true},"size":{"type":"decimal","configurable":false,"required":true},"url":{"type":"string","configurable":false,"required":true},"previewUrl":{"type":"string","configurable":false},"provider":{"type":"string","configurable":false,"required":true},"provider_metadata":{"type":"json","configurable":false},"related":{"type":"relation","relation":"morphToMany","configurable":false}},"kind":"collectionType"},"modelType":"contentType","modelName":"file","connection":"default","uid":"plugin::upload.file","plugin":"upload","globalId":"UploadFile"},"plugin::users-permissions.permission":{"collectionName":"up_permissions","info":{"name":"permission","description":"","singularName":"permission","pluralName":"permissions","displayName":"Permission"},"pluginOptions":{"content-manager":{"visible":false},"content-type-builder":{"visible":false}},"attributes":{"action":{"type":"string","required":true,"configurable":false},"role":{"type":"relation","relation":"manyToOne","target":"plugin::users-permissions.role","inversedBy":"permissions","configurable":false},"createdAt":{"type":"datetime"},"updatedAt":{"type":"datetime"},"createdBy":{"type":"relation","relation":"oneToOne","target":"admin::user","configurable":false,"writable":false,"visible":false,"useJoinTable":false,"private":true},"updatedBy":{"type":"relation","relation":"oneToOne","target":"admin::user","configurable":false,"writable":false,"visible":false,"useJoinTable":false,"private":true}},"kind":"collectionType","__schema__":{"collectionName":"up_permissions","info":{"name":"permission","description":"","singularName":"permission","pluralName":"permissions","displayName":"Permission"},"pluginOptions":{"content-manager":{"visible":false},"content-type-builder":{"visible":false}},"attributes":{"action":{"type":"string","required":true,"configurable":false},"role":{"type":"relation","relation":"manyToOne","target":"plugin::users-permissions.role","inversedBy":"permissions","configurable":false}},"kind":"collectionType"},"modelType":"contentType","modelName":"permission","connection":"default","uid":"plugin::users-permissions.permission","plugin":"users-permissions","globalId":"UsersPermissionsPermission"},"plugin::users-permissions.role":{"collectionName":"up_roles","info":{"name":"role","description":"","singularName":"role","pluralName":"roles","displayName":"Role"},"pluginOptions":{"content-manager":{"visible":false},"content-type-builder":{"visible":false}},"attributes":{"name":{"type":"string","minLength":3,"required":true,"configurable":false},"description":{"type":"string","configurable":false},"type":{"type":"string","unique":true,"configurable":false},"permissions":{"type":"relation","relation":"oneToMany","target":"plugin::users-permissions.permission","mappedBy":"role","configurable":false},"users":{"type":"relation","relation":"oneToMany","target":"plugin::users-permissions.user","mappedBy":"role","configurable":false},"createdAt":{"type":"datetime"},"updatedAt":{"type":"datetime"},"createdBy":{"type":"relation","relation":"oneToOne","target":"admin::user","configurable":false,"writable":false,"visible":false,"useJoinTable":false,"private":true},"updatedBy":{"type":"relation","relation":"oneToOne","target":"admin::user","configurable":false,"writable":false,"visible":false,"useJoinTable":false,"private":true}},"kind":"collectionType","__schema__":{"collectionName":"up_roles","info":{"name":"role","description":"","singularName":"role","pluralName":"roles","displayName":"Role"},"pluginOptions":{"content-manager":{"visible":false},"content-type-builder":{"visible":false}},"attributes":{"name":{"type":"string","minLength":3,"required":true,"configurable":false},"description":{"type":"string","configurable":false},"type":{"type":"string","unique":true,"configurable":false},"permissions":{"type":"relation","relation":"oneToMany","target":"plugin::users-permissions.permission","mappedBy":"role","configurable":false},"users":{"type":"relation","relation":"oneToMany","target":"plugin::users-permissions.user","mappedBy":"role","configurable":false}},"kind":"collectionType"},"modelType":"contentType","modelName":"role","connection":"default","uid":"plugin::users-permissions.role","plugin":"users-permissions","globalId":"UsersPermissionsRole"},"plugin::users-permissions.user":{"collectionName":"up_users","info":{"name":"user","description":"","singularName":"user","pluralName":"users","displayName":"User"},"options":{"draftAndPublish":false,"timestamps":true},"attributes":{"username":{"type":"string","minLength":3,"unique":true,"configurable":false,"required":true},"email":{"type":"email","minLength":6,"configurable":false,"required":true},"provider":{"type":"string","configurable":false},"password":{"type":"password","minLength":6,"configurable":false,"private":true},"resetPasswordToken":{"type":"string","configurable":false,"private":true},"confirmationToken":{"type":"string","configurable":false,"private":true},"confirmed":{"type":"boolean","default":false,"configurable":false},"blocked":{"type":"boolean","default":false,"configurable":false},"role":{"type":"relation","relation":"manyToOne","target":"plugin::users-permissions.role","inversedBy":"users","configurable":false},"createdAt":{"type":"datetime"},"updatedAt":{"type":"datetime"},"createdBy":{"type":"relation","relation":"oneToOne","target":"admin::user","configurable":false,"writable":false,"visible":false,"useJoinTable":false,"private":true},"updatedBy":{"type":"relation","relation":"oneToOne","target":"admin::user","configurable":false,"writable":false,"visible":false,"useJoinTable":false,"private":true}},"config":{"attributes":{"resetPasswordToken":{"hidden":true},"confirmationToken":{"hidden":true},"provider":{"hidden":true}}},"kind":"collectionType","__schema__":{"collectionName":"up_users","info":{"name":"user","description":"","singularName":"user","pluralName":"users","displayName":"User"},"options":{"draftAndPublish":false,"timestamps":true},"attributes":{"username":{"type":"string","minLength":3,"unique":true,"configurable":false,"required":true},"email":{"type":"email","minLength":6,"configurable":false,"required":true},"provider":{"type":"string","configurable":false},"password":{"type":"password","minLength":6,"configurable":false,"private":true},"resetPasswordToken":{"type":"string","configurable":false,"private":true},"confirmationToken":{"type":"string","configurable":false,"private":true},"confirmed":{"type":"boolean","default":false,"configurable":false},"blocked":{"type":"boolean","default":false,"configurable":false},"role":{"type":"relation","relation":"manyToOne","target":"plugin::users-permissions.role","inversedBy":"users","configurable":false}},"kind":"collectionType"},"modelType":"contentType","modelName":"user","connection":"default","uid":"plugin::users-permissions.user","plugin":"users-permissions","globalId":"UsersPermissionsUser"},"plugin::i18n.locale":{"info":{"singularName":"locale","pluralName":"locales","collectionName":"locales","displayName":"Locale","description":""},"options":{"draftAndPublish":false},"pluginOptions":{"content-manager":{"visible":false},"content-type-builder":{"visible":false}},"attributes":{"name":{"type":"string","min":1,"max":50,"configurable":false},"code":{"type":"string","unique":true,"configurable":false},"createdAt":{"type":"datetime"},"updatedAt":{"type":"datetime"},"createdBy":{"type":"relation","relation":"oneToOne","target":"admin::user","configurable":false,"writable":false,"visible":false,"useJoinTable":false,"private":true},"updatedBy":{"type":"relation","relation":"oneToOne","target":"admin::user","configurable":false,"writable":false,"visible":false,"useJoinTable":false,"private":true}},"kind":"collectionType","__schema__":{"info":{"singularName":"locale","pluralName":"locales","collectionName":"locales","displayName":"Locale","description":""},"options":{"draftAndPublish":false},"pluginOptions":{"content-manager":{"visible":false},"content-type-builder":{"visible":false}},"attributes":{"name":{"type":"string","min":1,"max":50,"configurable":false},"code":{"type":"string","unique":true,"configurable":false}},"kind":"collectionType"},"modelType":"contentType","modelName":"locale","connection":"default","uid":"plugin::i18n.locale","plugin":"i18n","collectionName":"i18n_locale","globalId":"I18NLocale"},"api::brand.brand":{"kind":"collectionType","collectionName":"brands","info":{"singularName":"brand","pluralName":"brands","displayName":"Brand"},"options":{"draftAndPublish":false},"pluginOptions":{},"attributes":{"name":{"type":"string","required":true},"desc":{"type":"string"},"createdAt":{"type":"datetime"},"updatedAt":{"type":"datetime"},"createdBy":{"type":"relation","relation":"oneToOne","target":"admin::user","configurable":false,"writable":false,"visible":false,"useJoinTable":false,"private":true},"updatedBy":{"type":"relation","relation":"oneToOne","target":"admin::user","configurable":false,"writable":false,"visible":false,"useJoinTable":false,"private":true}},"__schema__":{"collectionName":"brands","info":{"singularName":"brand","pluralName":"brands","displayName":"Brand"},"options":{"draftAndPublish":false},"pluginOptions":{},"attributes":{"name":{"type":"string","required":true},"desc":{"type":"string"}},"kind":"collectionType"},"modelType":"contentType","modelName":"brand","connection":"default","uid":"api::brand.brand","apiName":"brand","globalId":"Brand","actions":{},"lifecycles":{}},"api::car.car":{"kind":"collectionType","collectionName":"cars","info":{"singularName":"car","pluralName":"cars","displayName":"Car"},"options":{"draftAndPublish":true},"pluginOptions":{},"attributes":{"name":{"type":"string","required":true},"desc":{"type":"text","default":"\"\"","required":true},"ctime":{"type":"biginteger","required":true},"utime":{"type":"biginteger","required":true},"createdAt":{"type":"datetime"},"updatedAt":{"type":"datetime"},"publishedAt":{"type":"datetime","configurable":false,"writable":true,"visible":false},"createdBy":{"type":"relation","relation":"oneToOne","target":"admin::user","configurable":false,"writable":false,"visible":false,"useJoinTable":false,"private":true},"updatedBy":{"type":"relation","relation":"oneToOne","target":"admin::user","configurable":false,"writable":false,"visible":false,"useJoinTable":false,"private":true}},"__schema__":{"collectionName":"cars","info":{"singularName":"car","pluralName":"cars","displayName":"Car"},"options":{"draftAndPublish":true},"pluginOptions":{},"attributes":{"name":{"type":"string","required":true},"desc":{"type":"text","default":"\"\"","required":true},"ctime":{"type":"biginteger","required":true},"utime":{"type":"biginteger","required":true}},"kind":"collectionType"},"modelType":"contentType","modelName":"car","connection":"default","uid":"api::car.car","apiName":"car","globalId":"Car","actions":{},"lifecycles":{}},"api::waybill.waybill":{"kind":"singleType","collectionName":"waybills","info":{"singularName":"waybill","pluralName":"waybills","displayName":"Waybill"},"options":{"draftAndPublish":false},"pluginOptions":{},"attributes":{"name":{"type":"string","required":true,"default":"\"\""},"code":{"type":"string","required":true,"unique":true,"default":"\"\""},"createdAt":{"type":"datetime"},"updatedAt":{"type":"datetime"},"createdBy":{"type":"relation","relation":"oneToOne","target":"admin::user","configurable":false,"writable":false,"visible":false,"useJoinTable":false,"private":true},"updatedBy":{"type":"relation","relation":"oneToOne","target":"admin::user","configurable":false,"writable":false,"visible":false,"useJoinTable":false,"private":true}},"__schema__":{"collectionName":"waybills","info":{"singularName":"waybill","pluralName":"waybills","displayName":"Waybill"},"options":{"draftAndPublish":false},"pluginOptions":{},"attributes":{"name":{"type":"string","required":true,"default":"\"\""},"code":{"type":"string","required":true,"unique":true,"default":"\"\""}},"kind":"singleType"},"modelType":"contentType","modelName":"waybill","connection":"default","uid":"api::waybill.waybill","apiName":"waybill","globalId":"Waybill","actions":{},"lifecycles":{}}}','object',NULL,NULL);
INSERT INTO strapi_core_store_settings VALUES(2,'plugin_content_manager_configuration_content_types::admin::permission','{"uid":"admin::permission","settings":{"bulkable":true,"filterable":true,"searchable":true,"pageSize":10,"mainField":"action","defaultSortBy":"action","defaultSortOrder":"ASC"},"metadatas":{"id":{"edit":{},"list":{"label":"id","searchable":true,"sortable":true}},"action":{"edit":{"label":"action","description":"","placeholder":"","visible":true,"editable":true},"list":{"label":"action","searchable":true,"sortable":true}},"subject":{"edit":{"label":"subject","description":"","placeholder":"","visible":true,"editable":true},"list":{"label":"subject","searchable":true,"sortable":true}},"properties":{"edit":{"label":"properties","description":"","placeholder":"","visible":true,"editable":true},"list":{"label":"properties","searchable":false,"sortable":false}},"conditions":{"edit":{"label":"conditions","description":"","placeholder":"","visible":true,"editable":true},"list":{"label":"conditions","searchable":false,"sortable":false}},"role":{"edit":{"label":"role","description":"","placeholder":"","visible":true,"editable":true,"mainField":"name"},"list":{"label":"role","searchable":true,"sortable":true}},"createdAt":{"edit":{"label":"createdAt","description":"","placeholder":"","visible":false,"editable":true},"list":{"label":"createdAt","searchable":true,"sortable":true}},"updatedAt":{"edit":{"label":"updatedAt","description":"","placeholder":"","visible":false,"editable":true},"list":{"label":"updatedAt","searchable":true,"sortable":true}}},"layouts":{"list":["id","action","subject","role"],"editRelations":["role"],"edit":[[{"name":"action","size":6},{"name":"subject","size":6}],[{"name":"properties","size":12}],[{"name":"conditions","size":12}]]}}','object',NULL,NULL);
INSERT INTO strapi_core_store_settings VALUES(3,'plugin_content_manager_configuration_content_types::admin::user','{"uid":"admin::user","settings":{"bulkable":true,"filterable":true,"searchable":true,"pageSize":10,"mainField":"firstname","defaultSortBy":"firstname","defaultSortOrder":"ASC"},"metadatas":{"id":{"edit":{},"list":{"label":"id","searchable":true,"sortable":true}},"firstname":{"edit":{"label":"firstname","description":"","placeholder":"","visible":true,"editable":true},"list":{"label":"firstname","searchable":true,"sortable":true}},"lastname":{"edit":{"label":"lastname","description":"","placeholder":"","visible":true,"editable":true},"list":{"label":"lastname","searchable":true,"sortable":true}},"username":{"edit":{"label":"username","description":"","placeholder":"","visible":true,"editable":true},"list":{"label":"username","searchable":true,"sortable":true}},"email":{"edit":{"label":"email","description":"","placeholder":"","visible":true,"editable":true},"list":{"label":"email","searchable":true,"sortable":true}},"password":{"edit":{"label":"password","description":"","placeholder":"","visible":true,"editable":true},"list":{"label":"password","searchable":true,"sortable":true}},"resetPasswordToken":{"edit":{"label":"resetPasswordToken","description":"","placeholder":"","visible":true,"editable":true},"list":{"label":"resetPasswordToken","searchable":true,"sortable":true}},"registrationToken":{"edit":{"label":"registrationToken","description":"","placeholder":"","visible":true,"editable":true},"list":{"label":"registrationToken","searchable":true,"sortable":true}},"isActive":{"edit":{"label":"isActive","description":"","placeholder":"","visible":true,"editable":true},"list":{"label":"isActive","searchable":true,"sortable":true}},"roles":{"edit":{"label":"roles","description":"","placeholder":"","visible":true,"editable":true,"mainField":"name"},"list":{"label":"roles","searchable":false,"sortable":false}},"blocked":{"edit":{"label":"blocked","description":"","placeholder":"","visible":true,"editable":true},"list":{"label":"blocked","searchable":true,"sortable":true}},"preferedLanguage":{"edit":{"label":"preferedLanguage","description":"","placeholder":"","visible":true,"editable":true},"list":{"label":"preferedLanguage","searchable":true,"sortable":true}},"createdAt":{"edit":{"label":"createdAt","description":"","placeholder":"","visible":false,"editable":true},"list":{"label":"createdAt","searchable":true,"sortable":true}},"updatedAt":{"edit":{"label":"updatedAt","description":"","placeholder":"","visible":false,"editable":true},"list":{"label":"updatedAt","searchable":true,"sortable":true}}},"layouts":{"list":["id","firstname","lastname","username"],"editRelations":["roles"],"edit":[[{"name":"firstname","size":6},{"name":"lastname","size":6}],[{"name":"username","size":6},{"name":"email","size":6}],[{"name":"password","size":6},{"name":"resetPasswordToken","size":6}],[{"name":"registrationToken","size":6},{"name":"isActive","size":4}],[{"name":"blocked","size":4},{"name":"preferedLanguage","size":6}]]}}','object',NULL,NULL);
INSERT INTO strapi_core_store_settings VALUES(4,'plugin_content_manager_configuration_content_types::admin::role','{"uid":"admin::role","settings":{"bulkable":true,"filterable":true,"searchable":true,"pageSize":10,"mainField":"name","defaultSortBy":"name","defaultSortOrder":"ASC"},"metadatas":{"id":{"edit":{},"list":{"label":"id","searchable":true,"sortable":true}},"name":{"edit":{"label":"name","description":"","placeholder":"","visible":true,"editable":true},"list":{"label":"name","searchable":true,"sortable":true}},"code":{"edit":{"label":"code","description":"","placeholder":"","visible":true,"editable":true},"list":{"label":"code","searchable":true,"sortable":true}},"description":{"edit":{"label":"description","description":"","placeholder":"","visible":true,"editable":true},"list":{"label":"description","searchable":true,"sortable":true}},"users":{"edit":{"label":"users","description":"","placeholder":"","visible":true,"editable":true,"mainField":"firstname"},"list":{"label":"users","searchable":false,"sortable":false}},"permissions":{"edit":{"label":"permissions","description":"","placeholder":"","visible":true,"editable":true,"mainField":"action"},"list":{"label":"permissions","searchable":false,"sortable":false}},"createdAt":{"edit":{"label":"createdAt","description":"","placeholder":"","visible":false,"editable":true},"list":{"label":"createdAt","searchable":true,"sortable":true}},"updatedAt":{"edit":{"label":"updatedAt","description":"","placeholder":"","visible":false,"editable":true},"list":{"label":"updatedAt","searchable":true,"sortable":true}}},"layouts":{"list":["id","name","code","description"],"editRelations":["users","permissions"],"edit":[[{"name":"name","size":6},{"name":"code","size":6}],[{"name":"description","size":6}]]}}','object',NULL,NULL);
INSERT INTO strapi_core_store_settings VALUES(5,'plugin_content_manager_configuration_content_types::admin::api-token','{"uid":"admin::api-token","settings":{"bulkable":true,"filterable":true,"searchable":true,"pageSize":10,"mainField":"name","defaultSortBy":"name","defaultSortOrder":"ASC"},"metadatas":{"id":{"edit":{},"list":{"label":"id","searchable":true,"sortable":true}},"name":{"edit":{"label":"name","description":"","placeholder":"","visible":true,"editable":true},"list":{"label":"name","searchable":true,"sortable":true}},"description":{"edit":{"label":"description","description":"","placeholder":"","visible":true,"editable":true},"list":{"label":"description","searchable":true,"sortable":true}},"type":{"edit":{"label":"type","description":"","placeholder":"","visible":true,"editable":true},"list":{"label":"type","searchable":true,"sortable":true}},"accessKey":{"edit":{"label":"accessKey","description":"","placeholder":"","visible":true,"editable":true},"list":{"label":"accessKey","searchable":true,"sortable":true}},"createdAt":{"edit":{"label":"createdAt","description":"","placeholder":"","visible":false,"editable":true},"list":{"label":"createdAt","searchable":true,"sortable":true}},"updatedAt":{"edit":{"label":"updatedAt","description":"","placeholder":"","visible":false,"editable":true},"list":{"label":"updatedAt","searchable":true,"sortable":true}}},"layouts":{"list":["id","name","description","type"],"editRelations":[],"edit":[[{"name":"name","size":6},{"name":"description","size":6}],[{"name":"type","size":6},{"name":"accessKey","size":6}]]}}','object',NULL,NULL);
INSERT INTO strapi_core_store_settings VALUES(6,'plugin_content_manager_configuration_content_types::plugin::upload.file','{"uid":"plugin::upload.file","settings":{"bulkable":true,"filterable":true,"searchable":true,"pageSize":10,"mainField":"name","defaultSortBy":"name","defaultSortOrder":"ASC"},"metadatas":{"id":{"edit":{},"list":{"label":"id","searchable":true,"sortable":true}},"name":{"edit":{"label":"name","description":"","placeholder":"","visible":true,"editable":true},"list":{"label":"name","searchable":true,"sortable":true}},"alternativeText":{"edit":{"label":"alternativeText","description":"","placeholder":"","visible":true,"editable":true},"list":{"label":"alternativeText","searchable":true,"sortable":true}},"caption":{"edit":{"label":"caption","description":"","placeholder":"","visible":true,"editable":true},"list":{"label":"caption","searchable":true,"sortable":true}},"width":{"edit":{"label":"width","description":"","placeholder":"","visible":true,"editable":true},"list":{"label":"width","searchable":true,"sortable":true}},"height":{"edit":{"label":"height","description":"","placeholder":"","visible":true,"editable":true},"list":{"label":"height","searchable":true,"sortable":true}},"formats":{"edit":{"label":"formats","description":"","placeholder":"","visible":true,"editable":true},"list":{"label":"formats","searchable":false,"sortable":false}},"hash":{"edit":{"label":"hash","description":"","placeholder":"","visible":true,"editable":true},"list":{"label":"hash","searchable":true,"sortable":true}},"ext":{"edit":{"label":"ext","description":"","placeholder":"","visible":true,"editable":true},"list":{"label":"ext","searchable":true,"sortable":true}},"mime":{"edit":{"label":"mime","description":"","placeholder":"","visible":true,"editable":true},"list":{"label":"mime","searchable":true,"sortable":true}},"size":{"edit":{"label":"size","description":"","placeholder":"","visible":true,"editable":true},"list":{"label":"size","searchable":true,"sortable":true}},"url":{"edit":{"label":"url","description":"","placeholder":"","visible":true,"editable":true},"list":{"label":"url","searchable":true,"sortable":true}},"previewUrl":{"edit":{"label":"previewUrl","description":"","placeholder":"","visible":true,"editable":true},"list":{"label":"previewUrl","searchable":true,"sortable":true}},"provider":{"edit":{"label":"provider","description":"","placeholder":"","visible":true,"editable":true},"list":{"label":"provider","searchable":true,"sortable":true}},"provider_metadata":{"edit":{"label":"provider_metadata","description":"","placeholder":"","visible":true,"editable":true},"list":{"label":"provider_metadata","searchable":false,"sortable":false}},"createdAt":{"edit":{"label":"createdAt","description":"","placeholder":"","visible":false,"editable":true},"list":{"label":"createdAt","searchable":true,"sortable":true}},"updatedAt":{"edit":{"label":"updatedAt","description":"","placeholder":"","visible":false,"editable":true},"list":{"label":"updatedAt","searchable":true,"sortable":true}}},"layouts":{"list":["id","name","alternativeText","caption"],"editRelations":[],"edit":[[{"name":"name","size":6},{"name":"alternativeText","size":6}],[{"name":"caption","size":6},{"name":"width","size":4}],[{"name":"height","size":4}],[{"name":"formats","size":12}],[{"name":"hash","size":6},{"name":"ext","size":6}],[{"name":"mime","size":6},{"name":"size","size":4}],[{"name":"url","size":6},{"name":"previewUrl","size":6}],[{"name":"provider","size":6}],[{"name":"provider_metadata","size":12}]]}}','object',NULL,NULL);
INSERT INTO strapi_core_store_settings VALUES(7,'plugin_content_manager_configuration_content_types::plugin::users-permissions.permission','{"uid":"plugin::users-permissions.permission","settings":{"bulkable":true,"filterable":true,"searchable":true,"pageSize":10,"mainField":"action","defaultSortBy":"action","defaultSortOrder":"ASC"},"metadatas":{"id":{"edit":{},"list":{"label":"id","searchable":true,"sortable":true}},"action":{"edit":{"label":"action","description":"","placeholder":"","visible":true,"editable":true},"list":{"label":"action","searchable":true,"sortable":true}},"role":{"edit":{"label":"role","description":"","placeholder":"","visible":true,"editable":true,"mainField":"name"},"list":{"label":"role","searchable":true,"sortable":true}},"createdAt":{"edit":{"label":"createdAt","description":"","placeholder":"","visible":false,"editable":true},"list":{"label":"createdAt","searchable":true,"sortable":true}},"updatedAt":{"edit":{"label":"updatedAt","description":"","placeholder":"","visible":false,"editable":true},"list":{"label":"updatedAt","searchable":true,"sortable":true}}},"layouts":{"list":["id","action","role","createdAt"],"editRelations":["role"],"edit":[[{"name":"action","size":6}]]}}','object',NULL,NULL);
INSERT INTO strapi_core_store_settings VALUES(8,'plugin_content_manager_configuration_content_types::plugin::users-permissions.role','{"uid":"plugin::users-permissions.role","settings":{"bulkable":true,"filterable":true,"searchable":true,"pageSize":10,"mainField":"name","defaultSortBy":"name","defaultSortOrder":"ASC"},"metadatas":{"id":{"edit":{},"list":{"label":"id","searchable":true,"sortable":true}},"name":{"edit":{"label":"name","description":"","placeholder":"","visible":true,"editable":true},"list":{"label":"name","searchable":true,"sortable":true}},"description":{"edit":{"label":"description","description":"","placeholder":"","visible":true,"editable":true},"list":{"label":"description","searchable":true,"sortable":true}},"type":{"edit":{"label":"type","description":"","placeholder":"","visible":true,"editable":true},"list":{"label":"type","searchable":true,"sortable":true}},"permissions":{"edit":{"label":"permissions","description":"","placeholder":"","visible":true,"editable":true,"mainField":"action"},"list":{"label":"permissions","searchable":false,"sortable":false}},"users":{"edit":{"label":"users","description":"","placeholder":"","visible":true,"editable":true,"mainField":"username"},"list":{"label":"users","searchable":false,"sortable":false}},"createdAt":{"edit":{"label":"createdAt","description":"","placeholder":"","visible":false,"editable":true},"list":{"label":"createdAt","searchable":true,"sortable":true}},"updatedAt":{"edit":{"label":"updatedAt","description":"","placeholder":"","visible":false,"editable":true},"list":{"label":"updatedAt","searchable":true,"sortable":true}}},"layouts":{"list":["id","name","description","type"],"editRelations":["permissions","users"],"edit":[[{"name":"name","size":6},{"name":"description","size":6}],[{"name":"type","size":6}]]}}','object',NULL,NULL);
INSERT INTO strapi_core_store_settings VALUES(9,'plugin_content_manager_configuration_content_types::plugin::users-permissions.user','{"uid":"plugin::users-permissions.user","settings":{"bulkable":true,"filterable":true,"searchable":true,"pageSize":10,"mainField":"username","defaultSortBy":"username","defaultSortOrder":"ASC"},"metadatas":{"id":{"edit":{},"list":{"label":"id","searchable":true,"sortable":true}},"username":{"edit":{"label":"username","description":"","placeholder":"","visible":true,"editable":true},"list":{"label":"username","searchable":true,"sortable":true}},"email":{"edit":{"label":"email","description":"","placeholder":"","visible":true,"editable":true},"list":{"label":"email","searchable":true,"sortable":true}},"provider":{"edit":{"label":"provider","description":"","placeholder":"","visible":false,"editable":true},"list":{"label":"provider","searchable":true,"sortable":true}},"password":{"edit":{"label":"password","description":"","placeholder":"","visible":true,"editable":true},"list":{"label":"password","searchable":true,"sortable":true}},"resetPasswordToken":{"edit":{"label":"resetPasswordToken","description":"","placeholder":"","visible":false,"editable":true},"list":{"label":"resetPasswordToken","searchable":true,"sortable":true}},"confirmationToken":{"edit":{"label":"confirmationToken","description":"","placeholder":"","visible":false,"editable":true},"list":{"label":"confirmationToken","searchable":true,"sortable":true}},"confirmed":{"edit":{"label":"confirmed","description":"","placeholder":"","visible":true,"editable":true},"list":{"label":"confirmed","searchable":true,"sortable":true}},"blocked":{"edit":{"label":"blocked","description":"","placeholder":"","visible":true,"editable":true},"list":{"label":"blocked","searchable":true,"sortable":true}},"role":{"edit":{"label":"role","description":"","placeholder":"","visible":true,"editable":true,"mainField":"name"},"list":{"label":"role","searchable":true,"sortable":true}},"createdAt":{"edit":{"label":"createdAt","description":"","placeholder":"","visible":false,"editable":true},"list":{"label":"createdAt","searchable":true,"sortable":true}},"updatedAt":{"edit":{"label":"updatedAt","description":"","placeholder":"","visible":false,"editable":true},"list":{"label":"updatedAt","searchable":true,"sortable":true}}},"layouts":{"list":["id","username","email","confirmed"],"editRelations":["role"],"edit":[[{"name":"username","size":6},{"name":"email","size":6}],[{"name":"password","size":6},{"name":"confirmed","size":4}],[{"name":"blocked","size":4}]]}}','object',NULL,NULL);
INSERT INTO strapi_core_store_settings VALUES(10,'plugin_content_manager_configuration_content_types::plugin::i18n.locale','{"uid":"plugin::i18n.locale","settings":{"bulkable":true,"filterable":true,"searchable":true,"pageSize":10,"mainField":"name","defaultSortBy":"name","defaultSortOrder":"ASC"},"metadatas":{"id":{"edit":{},"list":{"label":"id","searchable":true,"sortable":true}},"name":{"edit":{"label":"name","description":"","placeholder":"","visible":true,"editable":true},"list":{"label":"name","searchable":true,"sortable":true}},"code":{"edit":{"label":"code","description":"","placeholder":"","visible":true,"editable":true},"list":{"label":"code","searchable":true,"sortable":true}},"createdAt":{"edit":{"label":"createdAt","description":"","placeholder":"","visible":false,"editable":true},"list":{"label":"createdAt","searchable":true,"sortable":true}},"updatedAt":{"edit":{"label":"updatedAt","description":"","placeholder":"","visible":false,"editable":true},"list":{"label":"updatedAt","searchable":true,"sortable":true}}},"layouts":{"list":["id","name","code","createdAt"],"editRelations":[],"edit":[[{"name":"name","size":6},{"name":"code","size":6}]]}}','object',NULL,NULL);
INSERT INTO strapi_core_store_settings VALUES(11,'plugin_upload_settings','{"sizeOptimization":true,"responsiveDimensions":true,"autoOrientation":false}','object',NULL,NULL);
INSERT INTO strapi_core_store_settings VALUES(12,'plugin_users-permissions_grant','{"email":{"enabled":true,"icon":"envelope"},"discord":{"enabled":false,"icon":"discord","key":"","secret":"","callback":"api/auth/discord/callback","scope":["identify","email"]},"facebook":{"enabled":false,"icon":"facebook-square","key":"","secret":"","callback":"api/auth/facebook/callback","scope":["email"]},"google":{"enabled":false,"icon":"google","key":"","secret":"","callback":"api/auth/google/callback","scope":["email"]},"github":{"enabled":false,"icon":"github","key":"","secret":"","callback":"api/auth/github/callback","scope":["user","user:email"]},"microsoft":{"enabled":false,"icon":"windows","key":"","secret":"","callback":"api/auth/microsoft/callback","scope":["user.read"]},"twitter":{"enabled":false,"icon":"twitter","key":"","secret":"","callback":"api/auth/twitter/callback"},"instagram":{"enabled":false,"icon":"instagram","key":"","secret":"","callback":"api/auth/instagram/callback","scope":["user_profile"]},"vk":{"enabled":false,"icon":"vk","key":"","secret":"","callback":"api/auth/vk/callback","scope":["email"]},"twitch":{"enabled":false,"icon":"twitch","key":"","secret":"","callback":"api/auth/twitch/callback","scope":["user:read:email"]},"linkedin":{"enabled":false,"icon":"linkedin","key":"","secret":"","callback":"api/auth/linkedin/callback","scope":["r_liteprofile","r_emailaddress"]},"cognito":{"enabled":false,"icon":"aws","key":"","secret":"","subdomain":"my.subdomain.com","callback":"api/auth/cognito/callback","scope":["email","openid","profile"]},"reddit":{"enabled":false,"icon":"reddit","key":"","secret":"","state":true,"callback":"api/auth/reddit/callback","scope":["identity"]},"auth0":{"enabled":false,"icon":"","key":"","secret":"","subdomain":"my-tenant.eu","callback":"api/auth/auth0/callback","scope":["openid","email","profile"]},"cas":{"enabled":false,"icon":"book","key":"","secret":"","callback":"api/auth/cas/callback","scope":["openid email"],"subdomain":"my.subdomain.com/cas"}}','object',NULL,NULL);
INSERT INTO strapi_core_store_settings VALUES(13,'plugin_users-permissions_email','{"reset_password":{"display":"Email.template.reset_password","icon":"sync","options":{"from":{"name":"Administration Panel","email":"no-reply@strapi.io"},"response_email":"","object":"Reset password","message":"<p>We heard that you lost your password. Sorry about that!</p>\n\n<p>But dont worry! You can use the following link to reset your password:</p>\n<p><%= URL %>?code=<%= TOKEN %></p>\n\n<p>Thanks.</p>"}},"email_confirmation":{"display":"Email.template.email_confirmation","icon":"check-square","options":{"from":{"name":"Administration Panel","email":"no-reply@strapi.io"},"response_email":"","object":"Account confirmation","message":"<p>Thank you for registering!</p>\n\n<p>You have to confirm your email address. Please click on the link below.</p>\n\n<p><%= URL %>?confirmation=<%= CODE %></p>\n\n<p>Thanks.</p>"}}}','object',NULL,NULL);
INSERT INTO strapi_core_store_settings VALUES(14,'plugin_users-permissions_advanced','{"unique_email":true,"allow_register":true,"email_confirmation":false,"email_reset_password":null,"email_confirmation_redirection":null,"default_role":"authenticated"}','object',NULL,NULL);
INSERT INTO strapi_core_store_settings VALUES(15,'plugin_i18n_default_locale','"en"','string',NULL,NULL);
INSERT INTO strapi_core_store_settings VALUES(16,'core_admin_auth','{"providers":{"autoRegister":false,"defaultRole":null}}','object',NULL,NULL);
INSERT INTO strapi_core_store_settings VALUES(17,'plugin_content_manager_configuration_content_types::api::car.car','{"uid":"api::car.car","settings":{"bulkable":true,"filterable":true,"searchable":true,"pageSize":10,"mainField":"name","defaultSortBy":"id","defaultSortOrder":"DESC"},"metadatas":{"id":{"edit":{},"list":{"label":"id","searchable":true,"sortable":true}},"name":{"edit":{"label":"name","description":"","placeholder":"","visible":true,"editable":true},"list":{"label":"name","searchable":true,"sortable":true}},"desc":{"edit":{"label":"desc","description":"","placeholder":"","visible":true,"editable":true},"list":{"label":"desc","searchable":true,"sortable":true}},"ctime":{"edit":{"label":"ctime","description":"","placeholder":"","visible":true,"editable":true},"list":{"label":"ctime","searchable":true,"sortable":true}},"utime":{"edit":{"label":"utime","description":"","placeholder":"","visible":true,"editable":true},"list":{"label":"utime","searchable":true,"sortable":true}},"createdAt":{"edit":{"label":"createdAt","description":"","placeholder":"","visible":false,"editable":true},"list":{"label":"createdAt","searchable":true,"sortable":true}},"updatedAt":{"edit":{"label":"updatedAt","description":"","placeholder":"","visible":false,"editable":true},"list":{"label":"updatedAt","searchable":true,"sortable":true}}},"layouts":{"edit":[[{"name":"name","size":6},{"name":"desc","size":6}],[{"name":"ctime","size":4},{"name":"utime","size":4}]],"editRelations":[],"list":["id","name","desc","ctime"]}}','object',NULL,NULL);
INSERT INTO strapi_core_store_settings VALUES(18,'plugin_content_manager_configuration_content_types::api::brand.brand','{"uid":"api::brand.brand","settings":{"bulkable":true,"filterable":true,"searchable":true,"pageSize":10,"mainField":"name","defaultSortBy":"name","defaultSortOrder":"ASC"},"metadatas":{"id":{"edit":{},"list":{"label":"id","searchable":true,"sortable":true}},"name":{"edit":{"label":"name","description":"","placeholder":"","visible":true,"editable":true},"list":{"label":"name","searchable":true,"sortable":true}},"desc":{"edit":{"label":"desc","description":"","placeholder":"","visible":true,"editable":true},"list":{"label":"desc","searchable":true,"sortable":true}},"createdAt":{"edit":{"label":"createdAt","description":"","placeholder":"","visible":false,"editable":true},"list":{"label":"createdAt","searchable":true,"sortable":true}},"updatedAt":{"edit":{"label":"updatedAt","description":"","placeholder":"","visible":false,"editable":true},"list":{"label":"updatedAt","searchable":true,"sortable":true}}},"layouts":{"list":["id","name","desc","createdAt"],"editRelations":[],"edit":[[{"name":"name","size":6},{"name":"desc","size":6}]]}}','object',NULL,NULL);
INSERT INTO strapi_core_store_settings VALUES(21,'plugin_content_manager_configuration_content_types::api::waybill.waybill','{"uid":"api::waybill.waybill","settings":{"bulkable":true,"filterable":true,"searchable":true,"pageSize":10,"mainField":"name","defaultSortBy":"name","defaultSortOrder":"ASC"},"metadatas":{"id":{"edit":{},"list":{"label":"id","searchable":true,"sortable":true}},"name":{"edit":{"label":"name","description":"","placeholder":"","visible":true,"editable":true},"list":{"label":"name","searchable":true,"sortable":true}},"code":{"edit":{"label":"code","description":"","placeholder":"","visible":true,"editable":true},"list":{"label":"code","searchable":true,"sortable":true}},"createdAt":{"edit":{"label":"createdAt","description":"","placeholder":"","visible":false,"editable":true},"list":{"label":"createdAt","searchable":true,"sortable":true}},"updatedAt":{"edit":{"label":"updatedAt","description":"","placeholder":"","visible":false,"editable":true},"list":{"label":"updatedAt","searchable":true,"sortable":true}}},"layouts":{"list":["id","name","code","createdAt"],"editRelations":[],"edit":[[{"name":"name","size":6},{"name":"code","size":6}]]}}','object',NULL,NULL);
CREATE TABLE `strapi_webhooks` (`id` integer not null primary key autoincrement, `name` varchar(255) null, `url` text null, `headers` json null, `events` json null, `enabled` boolean null);
CREATE TABLE IF NOT EXISTS "admin_permissions" (`id` integer PRIMARY KEY AUTOINCREMENT NOT NULL, `action` varchar(255) NULL, `subject` varchar(255) NULL, `properties` json NULL, `conditions` json NULL, `created_at` datetime NULL, `updated_at` datetime NULL, `created_by_id` integer NULL, `updated_by_id` integer NULL, CONSTRAINT `admin_permissions_created_by_id_fk` FOREIGN KEY (`created_by_id`) REFERENCES `admin_users` (`id`) ON DELETE SET NULL, CONSTRAINT `admin_permissions_updated_by_id_fk` FOREIGN KEY (`updated_by_id`) REFERENCES `admin_users` (`id`) ON DELETE SET NULL, CONSTRAINT `admin_permissions_created_by_id_fk` FOREIGN KEY (`created_by_id`) REFERENCES `admin_users` (`id`) ON DELETE SET NULL, CONSTRAINT `admin_permissions_updated_by_id_fk` FOREIGN KEY (`updated_by_id`) REFERENCES `admin_users` (`id`) ON DELETE SET NULL);
INSERT INTO admin_permissions VALUES(1,'plugin::upload.read',NULL,'{}','[]',1657249709514,1657249709514,NULL,NULL);
INSERT INTO admin_permissions VALUES(2,'plugin::upload.assets.create',NULL,'{}','[]',1657249709518,1657249709518,NULL,NULL);
INSERT INTO admin_permissions VALUES(3,'plugin::upload.assets.update',NULL,'{}','[]',1657249709522,1657249709522,NULL,NULL);
INSERT INTO admin_permissions VALUES(4,'plugin::upload.assets.download',NULL,'{}','[]',1657249709526,1657249709526,NULL,NULL);
INSERT INTO admin_permissions VALUES(5,'plugin::upload.assets.copy-link',NULL,'{}','[]',1657249709530,1657249709530,NULL,NULL);
INSERT INTO admin_permissions VALUES(6,'plugin::upload.read',NULL,'{}','["admin::is-creator"]',1657249709534,1657249709534,NULL,NULL);
INSERT INTO admin_permissions VALUES(7,'plugin::upload.assets.create',NULL,'{}','[]',1657249709538,1657249709538,NULL,NULL);
INSERT INTO admin_permissions VALUES(8,'plugin::upload.assets.update',NULL,'{}','["admin::is-creator"]',1657249709542,1657249709542,NULL,NULL);
INSERT INTO admin_permissions VALUES(9,'plugin::upload.assets.download',NULL,'{}','[]',1657249709545,1657249709545,NULL,NULL);
INSERT INTO admin_permissions VALUES(10,'plugin::upload.assets.copy-link',NULL,'{}','[]',1657249709548,1657249709548,NULL,NULL);
INSERT INTO admin_permissions VALUES(11,'plugin::content-manager.explorer.create','plugin::users-permissions.user','{"fields":["username","email","provider","password","resetPasswordToken","confirmationToken","confirmed","blocked","role"]}','[]',1657249709565,1657249709565,NULL,NULL);
INSERT INTO admin_permissions VALUES(12,'plugin::content-manager.explorer.read','plugin::users-permissions.user','{"fields":["username","email","provider","password","resetPasswordToken","confirmationToken","confirmed","blocked","role"]}','[]',1657249709569,1657249709569,NULL,NULL);
INSERT INTO admin_permissions VALUES(13,'plugin::content-manager.explorer.update','plugin::users-permissions.user','{"fields":["username","email","provider","password","resetPasswordToken","confirmationToken","confirmed","blocked","role"]}','[]',1657249709573,1657249709573,NULL,NULL);
INSERT INTO admin_permissions VALUES(14,'plugin::content-manager.explorer.delete','plugin::users-permissions.user','{}','[]',1657249709575,1657249709575,NULL,NULL);
INSERT INTO admin_permissions VALUES(15,'plugin::content-manager.single-types.configure-view',NULL,'{}','[]',1657249709578,1657249709578,NULL,NULL);
INSERT INTO admin_permissions VALUES(16,'plugin::content-manager.collection-types.configure-view',NULL,'{}','[]',1657249709581,1657249709581,NULL,NULL);
INSERT INTO admin_permissions VALUES(17,'plugin::content-manager.components.configure-layout',NULL,'{}','[]',1657249709584,1657249709584,NULL,NULL);
INSERT INTO admin_permissions VALUES(18,'plugin::content-type-builder.read',NULL,'{}','[]',1657249709587,1657249709587,NULL,NULL);
INSERT INTO admin_permissions VALUES(19,'plugin::email.settings.read',NULL,'{}','[]',1657249709590,1657249709590,NULL,NULL);
INSERT INTO admin_permissions VALUES(20,'plugin::upload.read',NULL,'{}','[]',1657249709593,1657249709593,NULL,NULL);
INSERT INTO admin_permissions VALUES(21,'plugin::upload.assets.create',NULL,'{}','[]',1657249709596,1657249709596,NULL,NULL);
INSERT INTO admin_permissions VALUES(22,'plugin::upload.assets.update',NULL,'{}','[]',1657249709598,1657249709598,NULL,NULL);
INSERT INTO admin_permissions VALUES(23,'plugin::upload.assets.download',NULL,'{}','[]',1657249709600,1657249709600,NULL,NULL);
INSERT INTO admin_permissions VALUES(24,'plugin::upload.assets.copy-link',NULL,'{}','[]',1657249709604,1657249709604,NULL,NULL);
INSERT INTO admin_permissions VALUES(25,'plugin::upload.settings.read',NULL,'{}','[]',1657249709607,1657249709607,NULL,NULL);
INSERT INTO admin_permissions VALUES(26,'plugin::users-permissions.roles.create',NULL,'{}','[]',1657249709610,1657249709610,NULL,NULL);
INSERT INTO admin_permissions VALUES(27,'plugin::users-permissions.roles.read',NULL,'{}','[]',1657249709613,1657249709613,NULL,NULL);
INSERT INTO admin_permissions VALUES(28,'plugin::users-permissions.roles.update',NULL,'{}','[]',1657249709616,1657249709616,NULL,NULL);
INSERT INTO admin_permissions VALUES(29,'plugin::users-permissions.roles.delete',NULL,'{}','[]',1657249709619,1657249709619,NULL,NULL);
INSERT INTO admin_permissions VALUES(30,'plugin::users-permissions.providers.read',NULL,'{}','[]',1657249709623,1657249709623,NULL,NULL);
INSERT INTO admin_permissions VALUES(31,'plugin::users-permissions.providers.update',NULL,'{}','[]',1657249709626,1657249709626,NULL,NULL);
INSERT INTO admin_permissions VALUES(32,'plugin::users-permissions.email-templates.read',NULL,'{}','[]',1657249709629,1657249709629,NULL,NULL);
INSERT INTO admin_permissions VALUES(33,'plugin::users-permissions.email-templates.update',NULL,'{}','[]',1657249709632,1657249709632,NULL,NULL);
INSERT INTO admin_permissions VALUES(34,'plugin::users-permissions.advanced-settings.read',NULL,'{}','[]',1657249709634,1657249709634,NULL,NULL);
INSERT INTO admin_permissions VALUES(35,'plugin::users-permissions.advanced-settings.update',NULL,'{}','[]',1657249709637,1657249709637,NULL,NULL);
INSERT INTO admin_permissions VALUES(36,'plugin::i18n.locale.create',NULL,'{}','[]',1657249709640,1657249709640,NULL,NULL);
INSERT INTO admin_permissions VALUES(37,'plugin::i18n.locale.read',NULL,'{}','[]',1657249709643,1657249709643,NULL,NULL);
INSERT INTO admin_permissions VALUES(38,'plugin::i18n.locale.update',NULL,'{}','[]',1657249709645,1657249709645,NULL,NULL);
INSERT INTO admin_permissions VALUES(39,'plugin::i18n.locale.delete',NULL,'{}','[]',1657249709648,1657249709648,NULL,NULL);
INSERT INTO admin_permissions VALUES(40,'admin::marketplace.read',NULL,'{}','[]',1657249709650,1657249709650,NULL,NULL);
INSERT INTO admin_permissions VALUES(41,'admin::marketplace.plugins.install',NULL,'{}','[]',1657249709653,1657249709653,NULL,NULL);
INSERT INTO admin_permissions VALUES(42,'admin::marketplace.plugins.uninstall',NULL,'{}','[]',1657249709656,1657249709656,NULL,NULL);
INSERT INTO admin_permissions VALUES(43,'admin::webhooks.create',NULL,'{}','[]',1657249709658,1657249709658,NULL,NULL);
INSERT INTO admin_permissions VALUES(44,'admin::webhooks.read',NULL,'{}','[]',1657249709660,1657249709660,NULL,NULL);
INSERT INTO admin_permissions VALUES(45,'admin::webhooks.update',NULL,'{}','[]',1657249709663,1657249709663,NULL,NULL);
INSERT INTO admin_permissions VALUES(46,'admin::webhooks.delete',NULL,'{}','[]',1657249709665,1657249709665,NULL,NULL);
INSERT INTO admin_permissions VALUES(47,'admin::users.create',NULL,'{}','[]',1657249709668,1657249709668,NULL,NULL);
INSERT INTO admin_permissions VALUES(48,'admin::users.read',NULL,'{}','[]',1657249709671,1657249709671,NULL,NULL);
INSERT INTO admin_permissions VALUES(49,'admin::users.update',NULL,'{}','[]',1657249709674,1657249709674,NULL,NULL);
INSERT INTO admin_permissions VALUES(50,'admin::users.delete',NULL,'{}','[]',1657249709677,1657249709677,NULL,NULL);
INSERT INTO admin_permissions VALUES(51,'admin::roles.create',NULL,'{}','[]',1657249709680,1657249709680,NULL,NULL);
INSERT INTO admin_permissions VALUES(52,'admin::roles.read',NULL,'{}','[]',1657249709684,1657249709684,NULL,NULL);
INSERT INTO admin_permissions VALUES(53,'admin::roles.update',NULL,'{}','[]',1657249709687,1657249709687,NULL,NULL);
INSERT INTO admin_permissions VALUES(54,'admin::roles.delete',NULL,'{}','[]',1657249709691,1657249709691,NULL,NULL);
INSERT INTO admin_permissions VALUES(55,'admin::api-tokens.create',NULL,'{}','[]',1657249709694,1657249709694,NULL,NULL);
INSERT INTO admin_permissions VALUES(56,'admin::api-tokens.read',NULL,'{}','[]',1657249709696,1657249709696,NULL,NULL);
INSERT INTO admin_permissions VALUES(57,'admin::api-tokens.update',NULL,'{}','[]',1657249709699,1657249709699,NULL,NULL);
INSERT INTO admin_permissions VALUES(58,'admin::api-tokens.delete',NULL,'{}','[]',1657249709702,1657249709702,NULL,NULL);
INSERT INTO admin_permissions VALUES(59,'admin::project-settings.update',NULL,'{}','[]',1657249709704,1657249709704,NULL,NULL);
INSERT INTO admin_permissions VALUES(60,'admin::project-settings.read',NULL,'{}','[]',1657249709707,1657249709707,NULL,NULL);
INSERT INTO admin_permissions VALUES(61,'plugin::content-manager.explorer.create','api::car.car','{"fields":["name","desc","ctime","utime"]}','[]',1657250717489,1657250717489,NULL,NULL);
INSERT INTO admin_permissions VALUES(62,'plugin::content-manager.explorer.read','api::car.car','{"fields":["name","desc","ctime","utime"]}','[]',1657250717494,1657250717494,NULL,NULL);
INSERT INTO admin_permissions VALUES(63,'plugin::content-manager.explorer.update','api::car.car','{"fields":["name","desc","ctime","utime"]}','[]',1657250717498,1657250717498,NULL,NULL);
INSERT INTO admin_permissions VALUES(64,'plugin::content-manager.explorer.delete','api::car.car','{}','[]',1657250717502,1657250717502,NULL,NULL);
INSERT INTO admin_permissions VALUES(65,'plugin::content-manager.explorer.publish','api::car.car','{}','[]',1657250717505,1657250717505,NULL,NULL);
INSERT INTO admin_permissions VALUES(66,'plugin::content-manager.explorer.create','api::brand.brand','{"fields":["name","desc"]}','[]',1657263714610,1657263714610,NULL,NULL);
INSERT INTO admin_permissions VALUES(67,'plugin::content-manager.explorer.read','api::brand.brand','{"fields":["name","desc"]}','[]',1657263714615,1657263714615,NULL,NULL);
INSERT INTO admin_permissions VALUES(68,'plugin::content-manager.explorer.update','api::brand.brand','{"fields":["name","desc"]}','[]',1657263714618,1657263714618,NULL,NULL);
INSERT INTO admin_permissions VALUES(69,'plugin::content-manager.explorer.delete','api::brand.brand','{}','[]',1657263714623,1657263714623,NULL,NULL);
INSERT INTO admin_permissions VALUES(74,'plugin::content-manager.explorer.create','api::waybill.waybill','{"fields":["name","code"]}','[]',1657265421765,1657265421765,NULL,NULL);
INSERT INTO admin_permissions VALUES(75,'plugin::content-manager.explorer.read','api::waybill.waybill','{"fields":["name","code"]}','[]',1657265421771,1657265421771,NULL,NULL);
INSERT INTO admin_permissions VALUES(76,'plugin::content-manager.explorer.update','api::waybill.waybill','{"fields":["name","code"]}','[]',1657265421775,1657265421775,NULL,NULL);
INSERT INTO admin_permissions VALUES(77,'plugin::content-manager.explorer.delete','api::waybill.waybill','{}','[]',1657265421779,1657265421779,NULL,NULL);
CREATE TABLE IF NOT EXISTS "admin_users" (`id` integer PRIMARY KEY AUTOINCREMENT NOT NULL, `firstname` varchar(255) NULL, `lastname` varchar(255) NULL, `username` varchar(255) NULL, `email` varchar(255) NULL, `password` varchar(255) NULL, `reset_password_token` varchar(255) NULL, `registration_token` varchar(255) NULL, `is_active` boolean NULL, `blocked` boolean NULL, `prefered_language` varchar(255) NULL, `created_at` datetime NULL, `updated_at` datetime NULL, `created_by_id` integer NULL, `updated_by_id` integer NULL, CONSTRAINT `admin_users_created_by_id_fk` FOREIGN KEY (`created_by_id`) REFERENCES `admin_users` (`id`) ON DELETE SET NULL, CONSTRAINT `admin_users_updated_by_id_fk` FOREIGN KEY (`updated_by_id`) REFERENCES `admin_users` (`id`) ON DELETE SET NULL, CONSTRAINT `admin_users_created_by_id_fk` FOREIGN KEY (`created_by_id`) REFERENCES `admin_users` (`id`) ON DELETE SET NULL, CONSTRAINT `admin_users_updated_by_id_fk` FOREIGN KEY (`updated_by_id`) REFERENCES `admin_users` (`id`) ON DELETE SET NULL);
INSERT INTO admin_users VALUES(1,'echo','Yin',NULL,'echoyinjava@163.com','$2a$10$eqWXVHoOdHs62I9I7cVNIuznw/V3x4BKaQBe1vQYoJ1Ip1JqfbWgK',NULL,NULL,1,0,NULL,1657249776657,1657249776657,NULL,NULL);
CREATE TABLE IF NOT EXISTS "admin_roles" (`id` integer PRIMARY KEY AUTOINCREMENT NOT NULL, `name` varchar(255) NULL, `code` varchar(255) NULL, `description` varchar(255) NULL, `created_at` datetime NULL, `updated_at` datetime NULL, `created_by_id` integer NULL, `updated_by_id` integer NULL, CONSTRAINT `admin_roles_created_by_id_fk` FOREIGN KEY (`created_by_id`) REFERENCES `admin_users` (`id`) ON DELETE SET NULL, CONSTRAINT `admin_roles_updated_by_id_fk` FOREIGN KEY (`updated_by_id`) REFERENCES `admin_users` (`id`) ON DELETE SET NULL, CONSTRAINT `admin_roles_created_by_id_fk` FOREIGN KEY (`created_by_id`) REFERENCES `admin_users` (`id`) ON DELETE SET NULL, CONSTRAINT `admin_roles_updated_by_id_fk` FOREIGN KEY (`updated_by_id`) REFERENCES `admin_users` (`id`) ON DELETE SET NULL);
INSERT INTO admin_roles VALUES(1,'Super Admin','strapi-super-admin','Super Admins can access and manage all features and settings.',1657249709503,1657249709503,NULL,NULL);
INSERT INTO admin_roles VALUES(2,'Editor','strapi-editor','Editors can manage and publish contents including those of other users.',1657249709508,1657249709508,NULL,NULL);
INSERT INTO admin_roles VALUES(3,'Author','strapi-author','Authors can manage the content they have created.',1657249709510,1657249709510,NULL,NULL);
CREATE TABLE IF NOT EXISTS "strapi_api_tokens" (`id` integer PRIMARY KEY AUTOINCREMENT NOT NULL, `name` varchar(255) NULL, `description` varchar(255) NULL, `type` varchar(255) NULL, `access_key` varchar(255) NULL, `created_at` datetime NULL, `updated_at` datetime NULL, `created_by_id` integer NULL, `updated_by_id` integer NULL, CONSTRAINT `strapi_api_tokens_created_by_id_fk` FOREIGN KEY (`created_by_id`) REFERENCES `admin_users` (`id`) ON DELETE SET NULL, CONSTRAINT `strapi_api_tokens_updated_by_id_fk` FOREIGN KEY (`updated_by_id`) REFERENCES `admin_users` (`id`) ON DELETE SET NULL, CONSTRAINT `strapi_api_tokens_created_by_id_fk` FOREIGN KEY (`created_by_id`) REFERENCES `admin_users` (`id`) ON DELETE SET NULL, CONSTRAINT `strapi_api_tokens_updated_by_id_fk` FOREIGN KEY (`updated_by_id`) REFERENCES `admin_users` (`id`) ON DELETE SET NULL);
CREATE TABLE IF NOT EXISTS "files" (`id` integer PRIMARY KEY AUTOINCREMENT NOT NULL, `name` varchar(255) NULL, `alternative_text` varchar(255) NULL, `caption` varchar(255) NULL, `width` integer NULL, `height` integer NULL, `formats` json NULL, `hash` varchar(255) NULL, `ext` varchar(255) NULL, `mime` varchar(255) NULL, `size` float NULL, `url` varchar(255) NULL, `preview_url` varchar(255) NULL, `provider` varchar(255) NULL, `provider_metadata` json NULL, `created_at` datetime NULL, `updated_at` datetime NULL, `created_by_id` integer NULL, `updated_by_id` integer NULL, CONSTRAINT `files_created_by_id_fk` FOREIGN KEY (`created_by_id`) REFERENCES `admin_users` (`id`) ON DELETE SET NULL, CONSTRAINT `files_updated_by_id_fk` FOREIGN KEY (`updated_by_id`) REFERENCES `admin_users` (`id`) ON DELETE SET NULL, CONSTRAINT `files_created_by_id_fk` FOREIGN KEY (`created_by_id`) REFERENCES `admin_users` (`id`) ON DELETE SET NULL, CONSTRAINT `files_updated_by_id_fk` FOREIGN KEY (`updated_by_id`) REFERENCES `admin_users` (`id`) ON DELETE SET NULL);
CREATE TABLE IF NOT EXISTS "up_permissions" (`id` integer PRIMARY KEY AUTOINCREMENT NOT NULL, `action` varchar(255) NULL, `created_at` datetime NULL, `updated_at` datetime NULL, `created_by_id` integer NULL, `updated_by_id` integer NULL, CONSTRAINT `up_permissions_created_by_id_fk` FOREIGN KEY (`created_by_id`) REFERENCES `admin_users` (`id`) ON DELETE SET NULL, CONSTRAINT `up_permissions_updated_by_id_fk` FOREIGN KEY (`updated_by_id`) REFERENCES `admin_users` (`id`) ON DELETE SET NULL, CONSTRAINT `up_permissions_created_by_id_fk` FOREIGN KEY (`created_by_id`) REFERENCES `admin_users` (`id`) ON DELETE SET NULL, CONSTRAINT `up_permissions_updated_by_id_fk` FOREIGN KEY (`updated_by_id`) REFERENCES `admin_users` (`id`) ON DELETE SET NULL);
INSERT INTO up_permissions VALUES(1,'plugin::users-permissions.auth.connect',1657249709439,1657249709439,NULL,NULL);
INSERT INTO up_permissions VALUES(2,'plugin::users-permissions.user.me',1657249709439,1657249709439,NULL,NULL);
INSERT INTO up_permissions VALUES(5,'plugin::users-permissions.auth.callback',1657249709447,1657249709447,NULL,NULL);
INSERT INTO up_permissions VALUES(6,'plugin::users-permissions.auth.connect',1657249709447,1657249709447,NULL,NULL);
INSERT INTO up_permissions VALUES(9,'plugin::users-permissions.auth.register',1657249709447,1657249709447,NULL,NULL);
INSERT INTO up_permissions VALUES(11,'plugin::users-permissions.user.me',1657249709447,1657249709447,NULL,NULL);
INSERT INTO up_permissions VALUES(12,'api::car.car.find',1657250796645,1657250796645,NULL,NULL);
INSERT INTO up_permissions VALUES(13,'api::car.car.findOne',1657250796645,1657250796645,NULL,NULL);
CREATE TABLE IF NOT EXISTS "up_roles" (`id` integer PRIMARY KEY AUTOINCREMENT NOT NULL, `name` varchar(255) NULL, `description` varchar(255) NULL, `type` varchar(255) NULL, `created_at` datetime NULL, `updated_at` datetime NULL, `created_by_id` integer NULL, `updated_by_id` integer NULL, CONSTRAINT `up_roles_created_by_id_fk` FOREIGN KEY (`created_by_id`) REFERENCES `admin_users` (`id`) ON DELETE SET NULL, CONSTRAINT `up_roles_updated_by_id_fk` FOREIGN KEY (`updated_by_id`) REFERENCES `admin_users` (`id`) ON DELETE SET NULL, CONSTRAINT `up_roles_created_by_id_fk` FOREIGN KEY (`created_by_id`) REFERENCES `admin_users` (`id`) ON DELETE SET NULL, CONSTRAINT `up_roles_updated_by_id_fk` FOREIGN KEY (`updated_by_id`) REFERENCES `admin_users` (`id`) ON DELETE SET NULL);
INSERT INTO up_roles VALUES(1,'Authenticated','Default role given to authenticated user.','authenticated',1657249709432,1657249709432,NULL,NULL);
INSERT INTO up_roles VALUES(2,'Public','Default role given to unauthenticated user.','public',1657249709435,1657250796641,NULL,NULL);
CREATE TABLE IF NOT EXISTS "up_users" (`id` integer PRIMARY KEY AUTOINCREMENT NOT NULL, `username` varchar(255) NULL, `email` varchar(255) NULL, `provider` varchar(255) NULL, `password` varchar(255) NULL, `reset_password_token` varchar(255) NULL, `confirmation_token` varchar(255) NULL, `confirmed` boolean NULL, `blocked` boolean NULL, `created_at` datetime NULL, `updated_at` datetime NULL, `created_by_id` integer NULL, `updated_by_id` integer NULL, CONSTRAINT `up_users_created_by_id_fk` FOREIGN KEY (`created_by_id`) REFERENCES `admin_users` (`id`) ON DELETE SET NULL, CONSTRAINT `up_users_updated_by_id_fk` FOREIGN KEY (`updated_by_id`) REFERENCES `admin_users` (`id`) ON DELETE SET NULL, CONSTRAINT `up_users_created_by_id_fk` FOREIGN KEY (`created_by_id`) REFERENCES `admin_users` (`id`) ON DELETE SET NULL, CONSTRAINT `up_users_updated_by_id_fk` FOREIGN KEY (`updated_by_id`) REFERENCES `admin_users` (`id`) ON DELETE SET NULL);
CREATE TABLE IF NOT EXISTS "i18n_locale" (`id` integer PRIMARY KEY AUTOINCREMENT NOT NULL, `name` varchar(255) NULL, `code` varchar(255) NULL, `created_at` datetime NULL, `updated_at` datetime NULL, `created_by_id` integer NULL, `updated_by_id` integer NULL, CONSTRAINT `i18n_locale_created_by_id_fk` FOREIGN KEY (`created_by_id`) REFERENCES `admin_users` (`id`) ON DELETE SET NULL, CONSTRAINT `i18n_locale_updated_by_id_fk` FOREIGN KEY (`updated_by_id`) REFERENCES `admin_users` (`id`) ON DELETE SET NULL, CONSTRAINT `i18n_locale_created_by_id_fk` FOREIGN KEY (`created_by_id`) REFERENCES `admin_users` (`id`) ON DELETE SET NULL, CONSTRAINT `i18n_locale_updated_by_id_fk` FOREIGN KEY (`updated_by_id`) REFERENCES `admin_users` (`id`) ON DELETE SET NULL);
INSERT INTO i18n_locale VALUES(1,'English (en)','en',1657249709478,1657249709478,NULL,NULL);
CREATE TABLE IF NOT EXISTS "admin_permissions_role_links" (`permission_id` integer NULL, `role_id` integer NULL, CONSTRAINT `admin_permissions_role_links_fk` FOREIGN KEY (`permission_id`) REFERENCES `admin_permissions` (`id`) ON DELETE CASCADE, CONSTRAINT `admin_permissions_role_links_inv_fk` FOREIGN KEY (`role_id`) REFERENCES `admin_roles` (`id`) ON DELETE CASCADE, CONSTRAINT `admin_permissions_role_links_fk` FOREIGN KEY (`permission_id`) REFERENCES `admin_permissions` (`id`) ON DELETE CASCADE, CONSTRAINT `admin_permissions_role_links_inv_fk` FOREIGN KEY (`role_id`) REFERENCES `admin_roles` (`id`) ON DELETE CASCADE);
INSERT INTO admin_permissions_role_links VALUES(1,2);
INSERT INTO admin_permissions_role_links VALUES(2,2);
INSERT INTO admin_permissions_role_links VALUES(3,2);
INSERT INTO admin_permissions_role_links VALUES(4,2);
INSERT INTO admin_permissions_role_links VALUES(5,2);
INSERT INTO admin_permissions_role_links VALUES(6,3);
INSERT INTO admin_permissions_role_links VALUES(7,3);
INSERT INTO admin_permissions_role_links VALUES(8,3);
INSERT INTO admin_permissions_role_links VALUES(9,3);
INSERT INTO admin_permissions_role_links VALUES(10,3);
INSERT INTO admin_permissions_role_links VALUES(11,1);
INSERT INTO admin_permissions_role_links VALUES(12,1);
INSERT INTO admin_permissions_role_links VALUES(13,1);
INSERT INTO admin_permissions_role_links VALUES(14,1);
INSERT INTO admin_permissions_role_links VALUES(15,1);
INSERT INTO admin_permissions_role_links VALUES(16,1);
INSERT INTO admin_permissions_role_links VALUES(17,1);
INSERT INTO admin_permissions_role_links VALUES(18,1);
INSERT INTO admin_permissions_role_links VALUES(19,1);
INSERT INTO admin_permissions_role_links VALUES(20,1);
INSERT INTO admin_permissions_role_links VALUES(21,1);
INSERT INTO admin_permissions_role_links VALUES(22,1);
INSERT INTO admin_permissions_role_links VALUES(23,1);
INSERT INTO admin_permissions_role_links VALUES(24,1);
INSERT INTO admin_permissions_role_links VALUES(25,1);
INSERT INTO admin_permissions_role_links VALUES(26,1);
INSERT INTO admin_permissions_role_links VALUES(27,1);
INSERT INTO admin_permissions_role_links VALUES(28,1);
INSERT INTO admin_permissions_role_links VALUES(29,1);
INSERT INTO admin_permissions_role_links VALUES(30,1);
INSERT INTO admin_permissions_role_links VALUES(31,1);
INSERT INTO admin_permissions_role_links VALUES(32,1);
INSERT INTO admin_permissions_role_links VALUES(33,1);
INSERT INTO admin_permissions_role_links VALUES(34,1);
INSERT INTO admin_permissions_role_links VALUES(35,1);
INSERT INTO admin_permissions_role_links VALUES(36,1);
INSERT INTO admin_permissions_role_links VALUES(37,1);
INSERT INTO admin_permissions_role_links VALUES(38,1);
INSERT INTO admin_permissions_role_links VALUES(39,1);
INSERT INTO admin_permissions_role_links VALUES(40,1);
INSERT INTO admin_permissions_role_links VALUES(41,1);
INSERT INTO admin_permissions_role_links VALUES(42,1);
INSERT INTO admin_permissions_role_links VALUES(43,1);
INSERT INTO admin_permissions_role_links VALUES(44,1);
INSERT INTO admin_permissions_role_links VALUES(45,1);
INSERT INTO admin_permissions_role_links VALUES(46,1);
INSERT INTO admin_permissions_role_links VALUES(47,1);
INSERT INTO admin_permissions_role_links VALUES(48,1);
INSERT INTO admin_permissions_role_links VALUES(49,1);
INSERT INTO admin_permissions_role_links VALUES(50,1);
INSERT INTO admin_permissions_role_links VALUES(51,1);
INSERT INTO admin_permissions_role_links VALUES(52,1);
INSERT INTO admin_permissions_role_links VALUES(53,1);
INSERT INTO admin_permissions_role_links VALUES(54,1);
INSERT INTO admin_permissions_role_links VALUES(55,1);
INSERT INTO admin_permissions_role_links VALUES(56,1);
INSERT INTO admin_permissions_role_links VALUES(57,1);
INSERT INTO admin_permissions_role_links VALUES(58,1);
INSERT INTO admin_permissions_role_links VALUES(59,1);
INSERT INTO admin_permissions_role_links VALUES(60,1);
INSERT INTO admin_permissions_role_links VALUES(61,1);
INSERT INTO admin_permissions_role_links VALUES(62,1);
INSERT INTO admin_permissions_role_links VALUES(63,1);
INSERT INTO admin_permissions_role_links VALUES(64,1);
INSERT INTO admin_permissions_role_links VALUES(65,1);
INSERT INTO admin_permissions_role_links VALUES(66,1);
INSERT INTO admin_permissions_role_links VALUES(67,1);
INSERT INTO admin_permissions_role_links VALUES(68,1);
INSERT INTO admin_permissions_role_links VALUES(69,1);
INSERT INTO admin_permissions_role_links VALUES(74,1);
INSERT INTO admin_permissions_role_links VALUES(75,1);
INSERT INTO admin_permissions_role_links VALUES(76,1);
INSERT INTO admin_permissions_role_links VALUES(77,1);
CREATE TABLE IF NOT EXISTS "admin_users_roles_links" (`user_id` integer NULL, `role_id` integer NULL, CONSTRAINT `admin_users_roles_links_fk` FOREIGN KEY (`user_id`) REFERENCES `admin_users` (`id`) ON DELETE CASCADE, CONSTRAINT `admin_users_roles_links_inv_fk` FOREIGN KEY (`role_id`) REFERENCES `admin_roles` (`id`) ON DELETE CASCADE, CONSTRAINT `admin_users_roles_links_fk` FOREIGN KEY (`user_id`) REFERENCES `admin_users` (`id`) ON DELETE CASCADE, CONSTRAINT `admin_users_roles_links_inv_fk` FOREIGN KEY (`role_id`) REFERENCES `admin_roles` (`id`) ON DELETE CASCADE);
INSERT INTO admin_users_roles_links VALUES(1,1);
CREATE TABLE IF NOT EXISTS "files_related_morphs" (`file_id` integer NULL, `related_id` integer NULL, `related_type` varchar(255) NULL, `field` varchar(255) NULL, `order` integer NULL, CONSTRAINT `files_related_morphs_fk` FOREIGN KEY (`file_id`) REFERENCES `files` (`id`) ON DELETE CASCADE, CONSTRAINT `files_related_morphs_fk` FOREIGN KEY (`file_id`) REFERENCES `files` (`id`) ON DELETE CASCADE);
CREATE TABLE IF NOT EXISTS "up_permissions_role_links" (`permission_id` integer NULL, `role_id` integer NULL, CONSTRAINT `up_permissions_role_links_fk` FOREIGN KEY (`permission_id`) REFERENCES `up_permissions` (`id`) ON DELETE CASCADE, CONSTRAINT `up_permissions_role_links_inv_fk` FOREIGN KEY (`role_id`) REFERENCES `up_roles` (`id`) ON DELETE CASCADE, CONSTRAINT `up_permissions_role_links_fk` FOREIGN KEY (`permission_id`) REFERENCES `up_permissions` (`id`) ON DELETE CASCADE, CONSTRAINT `up_permissions_role_links_inv_fk` FOREIGN KEY (`role_id`) REFERENCES `up_roles` (`id`) ON DELETE CASCADE);
INSERT INTO up_permissions_role_links VALUES(1,1);
INSERT INTO up_permissions_role_links VALUES(2,1);
INSERT INTO up_permissions_role_links VALUES(5,2);
INSERT INTO up_permissions_role_links VALUES(6,2);
INSERT INTO up_permissions_role_links VALUES(9,2);
INSERT INTO up_permissions_role_links VALUES(11,2);
INSERT INTO up_permissions_role_links VALUES(12,2);
INSERT INTO up_permissions_role_links VALUES(13,2);
CREATE TABLE IF NOT EXISTS "up_users_role_links" (`user_id` integer NULL, `role_id` integer NULL, CONSTRAINT `up_users_role_links_fk` FOREIGN KEY (`user_id`) REFERENCES `up_users` (`id`) ON DELETE CASCADE, CONSTRAINT `up_users_role_links_inv_fk` FOREIGN KEY (`role_id`) REFERENCES `up_roles` (`id`) ON DELETE CASCADE, CONSTRAINT `up_users_role_links_fk` FOREIGN KEY (`user_id`) REFERENCES `up_users` (`id`) ON DELETE CASCADE, CONSTRAINT `up_users_role_links_inv_fk` FOREIGN KEY (`role_id`) REFERENCES `up_roles` (`id`) ON DELETE CASCADE);
CREATE TABLE IF NOT EXISTS "brands" (`id` integer PRIMARY KEY AUTOINCREMENT NOT NULL, `name` varchar(255) NULL, `desc` varchar(255) NULL, `created_at` datetime NULL, `updated_at` datetime NULL, `created_by_id` integer NULL, `updated_by_id` integer NULL, CONSTRAINT `brands_created_by_id_fk` FOREIGN KEY (`created_by_id`) REFERENCES `admin_users` (`id`) ON DELETE SET NULL, CONSTRAINT `brands_updated_by_id_fk` FOREIGN KEY (`updated_by_id`) REFERENCES `admin_users` (`id`) ON DELETE SET NULL, CONSTRAINT `brands_created_by_id_fk` FOREIGN KEY (`created_by_id`) REFERENCES `admin_users` (`id`) ON DELETE SET NULL, CONSTRAINT `brands_updated_by_id_fk` FOREIGN KEY (`updated_by_id`) REFERENCES `admin_users` (`id`) ON DELETE SET NULL);
CREATE TABLE IF NOT EXISTS "cars" (`id` integer PRIMARY KEY AUTOINCREMENT NOT NULL, `name` varchar(255), `desc` text, `ctime` bigint, `utime` bigint, `created_at` datetime, `updated_at` datetime, `published_at` datetime, `created_by_id` integer, `updated_by_id` integer, CONSTRAINT `cars_created_by_id_fk` FOREIGN KEY (`created_by_id`) REFERENCES `admin_users` (`id`) ON DELETE SET NULL ON UPDATE NO ACTION, CONSTRAINT `cars_updated_by_id_fk` FOREIGN KEY (`updated_by_id`) REFERENCES `admin_users` (`id`) ON DELETE SET NULL ON UPDATE NO ACTION, CONSTRAINT `cars_created_by_id_fk` FOREIGN KEY (`created_by_id`) REFERENCES `admin_users` (`id`) ON DELETE SET NULL ON UPDATE NO ACTION, CONSTRAINT `cars_updated_by_id_fk` FOREIGN KEY (`updated_by_id`) REFERENCES `admin_users` (`id`) ON DELETE SET NULL ON UPDATE NO ACTION);
INSERT INTO cars VALUES(1,'','',1657250761135,1657250761135,1657250767447,1657250920861,1657250920859,1,1);
INSERT INTO cars VALUES(2,'Model Y','Model Y',1657250761135,1657250761135,1657266962577,1657266963973,1657266963971,1,1);
CREATE TABLE IF NOT EXISTS "waybills" (`id` integer PRIMARY KEY AUTOINCREMENT NOT NULL, `name` varchar(255) NULL, `code` varchar(255) NULL, `created_at` datetime NULL, `updated_at` datetime NULL, `created_by_id` integer NULL, `updated_by_id` integer NULL, CONSTRAINT `waybills_created_by_id_fk` FOREIGN KEY (`created_by_id`) REFERENCES `admin_users` (`id`) ON DELETE SET NULL, CONSTRAINT `waybills_updated_by_id_fk` FOREIGN KEY (`updated_by_id`) REFERENCES `admin_users` (`id`) ON DELETE SET NULL, CONSTRAINT `waybills_created_by_id_fk` FOREIGN KEY (`created_by_id`) REFERENCES `admin_users` (`id`) ON DELETE SET NULL, CONSTRAINT `waybills_updated_by_id_fk` FOREIGN KEY (`updated_by_id`) REFERENCES `admin_users` (`id`) ON DELETE SET NULL);
INSERT INTO waybills VALUES(1,'','SF',1657265434709,1657265434709,1,1);
DELETE FROM sqlite_sequence;
INSERT INTO sqlite_sequence VALUES('admin_permissions',77);
INSERT INTO sqlite_sequence VALUES('admin_users',1);
INSERT INTO sqlite_sequence VALUES('admin_roles',3);
INSERT INTO sqlite_sequence VALUES('strapi_api_tokens',0);
INSERT INTO sqlite_sequence VALUES('files',0);
INSERT INTO sqlite_sequence VALUES('up_permissions',13);
INSERT INTO sqlite_sequence VALUES('up_roles',2);
INSERT INTO sqlite_sequence VALUES('up_users',0);
INSERT INTO sqlite_sequence VALUES('i18n_locale',1);
INSERT INTO sqlite_sequence VALUES('strapi_database_schema',8);
INSERT INTO sqlite_sequence VALUES('strapi_core_store_settings',21);
INSERT INTO sqlite_sequence VALUES('brands',0);
INSERT INTO sqlite_sequence VALUES('cars',2);
INSERT INTO sqlite_sequence VALUES('waybills',1);
CREATE INDEX `admin_permissions_created_by_id_fk` on `admin_permissions` (`created_by_id`);
CREATE INDEX `admin_permissions_updated_by_id_fk` on `admin_permissions` (`updated_by_id`);
CREATE INDEX `admin_users_created_by_id_fk` on `admin_users` (`created_by_id`);
CREATE INDEX `admin_users_updated_by_id_fk` on `admin_users` (`updated_by_id`);
CREATE INDEX `admin_roles_created_by_id_fk` on `admin_roles` (`created_by_id`);
CREATE INDEX `admin_roles_updated_by_id_fk` on `admin_roles` (`updated_by_id`);
CREATE INDEX `strapi_api_tokens_created_by_id_fk` on `strapi_api_tokens` (`created_by_id`);
CREATE INDEX `strapi_api_tokens_updated_by_id_fk` on `strapi_api_tokens` (`updated_by_id`);
CREATE INDEX `files_created_by_id_fk` on `files` (`created_by_id`);
CREATE INDEX `files_updated_by_id_fk` on `files` (`updated_by_id`);
CREATE INDEX `up_permissions_created_by_id_fk` on `up_permissions` (`created_by_id`);
CREATE INDEX `up_permissions_updated_by_id_fk` on `up_permissions` (`updated_by_id`);
CREATE INDEX `up_roles_created_by_id_fk` on `up_roles` (`created_by_id`);
CREATE INDEX `up_roles_updated_by_id_fk` on `up_roles` (`updated_by_id`);
CREATE INDEX `up_users_created_by_id_fk` on `up_users` (`created_by_id`);
CREATE INDEX `up_users_updated_by_id_fk` on `up_users` (`updated_by_id`);
CREATE INDEX `i18n_locale_created_by_id_fk` on `i18n_locale` (`created_by_id`);
CREATE INDEX `i18n_locale_updated_by_id_fk` on `i18n_locale` (`updated_by_id`);
CREATE INDEX `admin_permissions_role_links_fk` on `admin_permissions_role_links` (`permission_id`);
CREATE INDEX `admin_permissions_role_links_inv_fk` on `admin_permissions_role_links` (`role_id`);
CREATE INDEX `admin_users_roles_links_fk` on `admin_users_roles_links` (`user_id`);
CREATE INDEX `admin_users_roles_links_inv_fk` on `admin_users_roles_links` (`role_id`);
CREATE INDEX `files_related_morphs_fk` on `files_related_morphs` (`file_id`);
CREATE INDEX `up_permissions_role_links_fk` on `up_permissions_role_links` (`permission_id`);
CREATE INDEX `up_permissions_role_links_inv_fk` on `up_permissions_role_links` (`role_id`);
CREATE INDEX `up_users_role_links_fk` on `up_users_role_links` (`user_id`);
CREATE INDEX `up_users_role_links_inv_fk` on `up_users_role_links` (`role_id`);
CREATE INDEX `brands_created_by_id_fk` on `brands` (`created_by_id`);
CREATE INDEX `brands_updated_by_id_fk` on `brands` (`updated_by_id`);
CREATE INDEX "cars_created_by_id_fk"
ON "cars" (
  "created_by_id" ASC
);
CREATE INDEX "cars_updated_by_id_fk"
ON "cars" (
  "updated_by_id" ASC
);
CREATE INDEX `waybills_created_by_id_fk` on `waybills` (`created_by_id`);
CREATE INDEX `waybills_updated_by_id_fk` on `waybills` (`updated_by_id`);
COMMIT;
